filename,PESQ,CSIG,CBAK,COVL,STOI,SSNR
p232_001.wav,3.5965828895568848,5.0,4.084173458349262,4.358495876213893,0.9011645237357881,11.954959090128343
p232_002.wav,3.569265604019165,5.0,4.267246129829559,4.405321855852192,0.9799457661225879,14.908017936855545
p232_003.wav,3.474794864654541,4.976228265130249,4.121341580524064,4.280900975436717,0.9831638722977081,13.328233619891268
p232_005.wav,2.96211314201355,4.400463834692762,3.693472040361269,3.7289270856639862,0.9437845478191004,10.717498859303685
p232_006.wav,3.274641513824463,4.697873503383781,4.137666615054641,4.043427687470549,0.9811309689270749,15.013537668156767
p232_007.wav,3.030688524246216,4.418312680494553,3.7774122520559565,3.778087212291752,0.9649435301834716,11.280607592411016
p232_009.wav,3.1053035259246826,4.5127628307175875,3.842293043712268,3.862410872446872,0.978949533429765,11.75975160726371
p232_010.wav,1.7500971555709839,3.2477082176074443,2.6491886409770724,2.537167896735099,0.9145582765392283,3.608747179737878
p232_011.wav,3.6350321769714355,5.0,4.236256888603963,4.378658400194645,0.9788109049772806,13.893013991542329
p232_012.wav,3.3373003005981445,4.705381444245657,4.046297354139846,4.078206924043391,0.9794495698948984,13.114123581211478
p232_013.wav,2.9146621227264404,4.39772530284717,3.5804892556235446,3.7049686593591553,0.9765817681148886,9.22399304661956
p232_014.wav,2.6666457653045654,4.1206084903531774,3.4764167622991295,3.4446756195126196,0.9580281733156354,9.329062254948026
p232_015.wav,3.8192026615142822,5.0,4.673327676262686,4.598504679145048,0.9949804389445641,19.342283660526462
p232_016.wav,3.6928822994232178,5.0,4.539374348044612,4.453472464760578,0.9947327096231036,18.203131517456438
p232_017.wav,3.4555931091308594,4.893389296381125,4.186414386324493,4.233173684096973,0.9946811815750105,14.366402022149765
p232_019.wav,3.259082794189453,4.691930928241162,4.030550104314611,4.0318150227064,0.984802583334276,13.466536571917395
p232_020.wav,3.701624631881714,5.0,4.256662067273238,4.459075083659754,0.9752122397493451,13.662174139822122
p232_021.wav,3.483773946762085,5.0,4.277257252423495,4.303907333579551,0.9879851775146046,15.660958033156634
p232_022.wav,3.1014232635498047,4.492305419762927,3.899675077580217,3.8524883643748797,0.985694574083199,12.602388082502229
p232_023.wav,2.6042869091033936,4.153290321581885,3.4026429324379093,3.4286858022283737,0.9723932952382301,8.664770344191057
p232_024.wav,3.972343921661377,5.0,4.695904458114552,4.74149200645009,0.9978118200015514,18.553778110961154
p232_025.wav,3.248438596725464,4.753415280859411,3.9520565972319908,4.055741811178485,0.9901771775223598,12.358251621712945
p232_027.wav,3.713449239730835,5.0,4.421893734522736,4.4294251200279176,0.9933203236406382,16.205431687937317
p232_028.wav,2.6748101711273193,4.096508057354577,3.3574255488589992,3.4351349408148817,0.9037528110813492,7.452023006730538
p232_029.wav,3.3946356773376465,4.72238943691145,3.9461521661040893,4.113821205738913,0.9911854685004755,11.168836132532855
p232_030.wav,3.463507890701294,4.90184451351274,4.132457160137173,4.239078801532447,0.9953345586901708,13.551162112111095
p232_031.wav,2.506028413772583,3.9750853754681694,3.3682308789351265,3.2910847938327157,0.8388628685325876,8.833856734095333
p232_032.wav,2.1046290397644043,3.6354411596643526,2.935242404950919,2.9016489330572157,0.9174063458822481,5.788447381227529
p232_033.wav,3.484056234359741,4.8445628051038065,3.78892541216411,4.214267055347837,0.8656291634389109,8.236961041571298
p232_034.wav,2.9983229637145996,4.5441193264342195,3.623469530823811,3.8221486382714533,0.9215564061523821,9.17925098637174
p232_035.wav,3.1062846183776855,4.498527085946368,3.8013075893900545,3.854283312753294,0.9883210167076343,11.169582378502078
p232_036.wav,2.2966132164001465,3.7268368891704307,3.1242325422923676,3.055788403232427,0.9286212153849619,6.815348607644041
p232_037.wav,3.8760979175567627,5.0,4.613851081650556,4.640190541625688,0.9991915594078263,17.948022372672195
p232_038.wav,3.2721424102783203,4.759577522938009,4.013711303738823,4.071832813567129,0.9580070541990281,13.110556147602969
p232_039.wav,3.0078086853027344,4.442761400290152,3.5100389970107266,3.7760775905658113,0.7761332286855439,7.325665607432607
p232_040.wav,3.642573356628418,4.994464913463115,4.032110520631077,4.378493582066694,0.9968847610572725,10.471619150490548
p232_041.wav,2.8018765449523926,4.472837988877763,3.6469018702566878,3.6907034117390176,0.9270333864980418,10.899784280494503
p232_042.wav,3.6170663833618164,5.0,4.246015699501653,4.388707526626081,0.998792724307481,14.148440466411236
p232_043.wav,2.301771879196167,3.8848881729819005,3.1114963083681393,3.1395766172738533,0.9232216837568151,6.462064360191184
p232_044.wav,1.9933524131774902,3.410503147326585,2.89825249924958,2.742959565521272,0.8330854632193335,5.630384908114674
p232_045.wav,3.852449655532837,5.0,4.200228727063174,4.647340011361227,0.970329972076641,11.671638670406402
p232_046.wav,2.875424385070801,4.324913868385313,3.51131754447133,3.6521082306787997,0.8299276316325728,8.283538613614555
p232_047.wav,2.9397354125976562,4.420922631153725,3.6145343170592206,3.7336105527077246,0.9604337654963059,9.378598003246871
p232_048.wav,2.411957263946533,3.9528337838028182,3.2167227122778113,3.2315242275938334,0.64619788803841,7.186162107311861
p232_049.wav,3.3768579959869385,4.879787610107728,4.214432163344781,4.1850487872040345,0.9974801916699669,15.478949521548923
p232_050.wav,2.275456190109253,3.888819222542818,3.1998230257442764,3.1311418472338928,0.9193776007400645,7.936068235043335
p232_051.wav,2.1907176971435547,3.6043402299980847,2.9358686281431217,2.9458815970538885,0.9571771662661674,4.42987194737745
p232_052.wav,1.7147800922393799,3.2216360353863958,2.69067359303721,2.5035827356587945,0.891300994871426,4.657619281465217
p232_053.wav,3.6035666465759277,4.947270456050086,3.9101137722728474,4.325113321230439,0.9796015644879777,9.280550682045169
p232_054.wav,3.448784828186035,4.8281891762617235,4.057547127677928,4.19452308048623,0.9893046473268656,12.494634474698652
p232_055.wav,3.281303882598877,4.593017280744534,3.701220778570372,3.9863182623556357,0.895161834825194,8.400981531942708
p232_056.wav,2.053598403930664,3.4767688893060487,2.8764339996046346,2.8088307086091175,0.8879591755798399,4.717814046498816
p232_057.wav,3.42427134513855,4.927529095281645,4.205942413520883,4.232992798147298,0.9840168185172693,14.973561867636162
p232_058.wav,3.68507719039917,5.0,4.528542005009848,4.455473400642542,0.9824592211138045,18.09335896634982
p232_059.wav,2.914196729660034,4.28829221420753,3.508319131956344,3.653307243988158,0.881565080655228,7.948720303242769
p232_060.wav,3.2887563705444336,4.5967644436682935,3.777584053382658,3.9987085339233652,0.9309225934866422,9.258601020238562
p232_061.wav,3.5649588108062744,5.0,4.22175813991421,4.342159307747124,0.9974037817647703,14.137685488655592
p232_062.wav,3.0713613033294678,4.545282386871749,3.816059795846951,3.8641216383773127,0.9899742393964036,11.483259244019647
p232_063.wav,3.07680606842041,4.385916585935913,3.5987181390786867,3.788350914100333,0.9927637633944949,7.957909509438024
p232_064.wav,2.888463258743286,4.363193240311367,3.4541891551736796,3.678338656803611,0.9880101415192413,7.251392562643964
p232_065.wav,3.468672275543213,4.873081207923654,3.8081720591874872,4.222925952259927,0.9800797778017886,8.56061081025309
p232_066.wav,3.4797425270080566,4.885603576576161,4.247869680389927,4.238687696067491,0.9771203625451053,15.28231262423789
p232_067.wav,3.391907215118408,4.865619920816686,4.061047156973217,4.184808757774363,0.9795855616261616,12.964887730262532
p232_068.wav,3.4171388149261475,4.561836636720468,3.9962110584278037,4.0452305400916675,0.9684220642062918,11.79566346954278
p232_069.wav,3.328117609024048,4.806090564536719,4.156131280675785,4.123090994956319,0.9888748927564607,14.953136345995139
p232_070.wav,2.9557816982269287,4.385557862090026,3.748006016039224,3.72322416105064,0.965159200485122,11.414781711135529
p232_071.wav,2.443164587020874,4.023708022683031,3.303778943696309,3.2819421212822006,0.9523464029371342,8.357911627898309
p232_072.wav,2.073394775390625,3.6736013201820206,2.9319693522343524,2.914861690093503,0.8818198542488233,5.532992839810087
p232_073.wav,3.415027141571045,4.784039029083579,3.74138256303997,4.1565511494361,0.9981685547213375,7.686355025182949
p232_074.wav,3.290727138519287,4.609530499226536,3.887538628580417,4.005738130486496,0.9682008927426798,11.002951406191588
p232_075.wav,2.9058732986450195,4.332561550412375,3.4831311303861,3.669569948021747,0.9829143847779594,7.680855600859097
p232_076.wav,2.2338881492614746,3.828562859554246,3.022870663763937,3.0777043354813802,0.8903831788338668,5.551309568824437
p232_077.wav,3.7684273719787598,5.0,4.17924073894966,4.531544124456106,0.9078469046942736,12.003188603539456
p232_078.wav,3.530337333679199,4.894975805026094,4.200933046001988,4.271532260244382,0.997967060705219,14.037418101289958
p232_079.wav,3.787525177001953,4.9705061279828895,4.324285989073944,4.4370494554804125,0.9780606547055991,14.129308252040365
p232_080.wav,2.7656209468841553,4.2458996515195855,3.3005638242388526,3.560179088244,0.9856879058257011,5.6465386165495985
p232_081.wav,3.3797810077667236,4.890551959423567,4.14167966152574,4.191241689170256,0.9557263678657001,14.330130011613932
p232_082.wav,2.380905866622925,3.877514501970539,3.236089107951076,3.1769220144013457,0.8041398332447584,7.792857507387923
p232_083.wav,2.401301145553589,4.132343423751416,3.3010720294909843,3.315484854179019,0.9362553924422669,8.604882388147304
p232_084.wav,2.4659292697906494,3.8194571295594972,3.2291597858736116,3.1907397650339284,0.9392962246189811,7.047835808969661
p232_085.wav,3.781712532043457,5.0,4.360353686155413,4.586236942343188,0.9978856850973422,14.735990818202268
p232_086.wav,3.464694023132324,5.0,4.132763628444364,4.293028450970413,0.9898790755361226,13.515097630972583
p232_087.wav,3.3492331504821777,4.8473201434152395,4.089770129413452,4.154019988005093,0.9754214735558145,13.750511855277898
p232_088.wav,3.153310775756836,4.640938178115158,3.9674291649693845,3.9517586171084287,0.9472398471519662,13.323217342467922
p232_089.wav,3.4462242126464844,4.798911619672152,4.054349716069323,4.178678494333143,0.9481791031848638,12.462601499694921
p232_090.wav,3.3756325244903564,4.794403234083275,3.9506577711343542,4.141947111146213,0.9886736045059785,11.301269282712278
p232_091.wav,2.481327772140503,3.901948921849193,3.197246938326026,3.2392040239699083,0.967074768669959,6.440175372949065
p232_092.wav,2.5039682388305664,3.9580551303390794,3.185371444255494,3.2773006587982176,0.9165367293562431,6.135092667831707
p232_093.wav,3.392397880554199,4.762279295377312,4.063187055862204,4.133388674771484,0.9688628398796134,13.00608506845081
p232_094.wav,3.1518499851226807,4.516905983591812,3.791500289266682,3.8869777722366514,0.9717254462284143,10.644367953088953
p232_095.wav,2.4798853397369385,3.7744795552651538,3.396520886400176,3.1722200766064477,0.9319984238953759,9.73891079112473
p232_096.wav,2.0806362628936768,3.3260348717797554,2.932740345756024,2.7480991097027716,0.8421872444562959,5.379279806293918
p232_097.wav,3.4186320304870605,4.8581154742929415,4.064218312401353,4.191446090722188,0.9979277432014755,12.950084883900598
p232_098.wav,3.419236421585083,4.8704566660272715,4.212037930758662,4.200484052157097,0.965665097080946,15.177634452447467
p232_099.wav,3.7199759483337402,5.0,4.34733955348473,4.440245920925966,0.9934503429905441,14.964979116862237
p232_100.wav,2.8197314739227295,4.0723157818906115,3.534549730387523,3.4995736423404,0.8944785378625582,9.018743061074678
p232_101.wav,3.3114025592803955,4.798743075016884,3.943868443916566,4.112350411808811,0.9978537984601564,11.650970639410495
p232_102.wav,3.032137632369995,4.542979972201043,3.6815556252160118,3.836720011472192,0.9307494460209751,9.930030313048944
p232_103.wav,2.8420748710632324,4.3793698910319065,3.605855193577928,3.6630648079501955,0.9750565543424196,10.00627449650022
p232_104.wav,2.7936906814575195,4.253525422174555,3.458567787734193,3.5741214011303293,0.9596672656629437,8.118958686274421
p232_105.wav,3.5187063217163086,5.0,3.983215784075903,4.355022204239382,0.9683820330308501,10.749691697294047
p232_106.wav,3.3582074642181396,4.807288652855094,4.1846824767696456,4.1409856217593495,0.9919788241113923,15.085321349059114
p232_107.wav,3.654008388519287,4.970300507912103,4.211943008710548,4.370088836275002,0.9753982537181431,13.334313290636036
p232_108.wav,2.81862735748291,4.212510611052128,3.521714129615202,3.567572110715627,0.9482948734637893,8.876286635120023
p232_109.wav,3.4073967933654785,4.912894757980526,4.176910103965569,4.217348240941021,0.9898124728324348,14.633797469266957
p232_110.wav,2.762155532836914,4.152573354868005,3.4913205365583178,3.508453508164139,0.9636330994654662,8.85665261189853
p232_112.wav,3.3556597232818604,4.7229625152911865,3.7271228663858404,4.092727264114227,0.9624478799612306,8.062697399684271
p232_113.wav,1.7757079601287842,3.3873150657219773,2.647313648007484,2.6208328477749667,0.823192781000037,3.328795063537679
p232_114.wav,3.7363147735595703,4.946296713431221,4.314548074610368,4.400410546762359,0.971500933056352,14.307488639157752
p232_115.wav,3.240838050842285,4.51464689511717,3.8875797096202667,3.9314996145262695,0.9645401383374014,11.462975195322484
p232_116.wav,2.5269999504089355,3.8778433039881564,3.438015532357915,3.2575765080831562,0.9317406565353614,9.593568415309507
p232_117.wav,2.2443971633911133,3.8880999448154143,3.163239724412595,3.107004277486059,0.9406171177359578,7.947735575756362
p232_118.wav,3.6574456691741943,5.0,4.387029257295407,4.438853570656565,0.992312349680749,15.976659805503951
p232_119.wav,3.6320414543151855,5.0,4.2658986249893225,4.38942268369192,0.9626277215543169,14.315774217960884
p232_120.wav,3.35439133644104,4.738232601955884,3.7849123994679563,4.098549047324227,0.9799001007386644,9.039651785029468
p232_121.wav,3.390380382537842,4.810116551547691,4.222334485778691,4.156900437813153,0.9775410763913307,15.515461655818337
p232_123.wav,3.4083685874938965,4.926838740864585,4.2265367094172746,4.225101554051748,0.982100123392976,15.399851903246615
p232_124.wav,2.5989017486572266,4.045506490521812,3.488801684919766,3.3736323909020354,0.9448432484691931,10.016129771562712
p232_125.wav,2.7867352962493896,4.191344396377206,3.4699319932805683,3.538631763940968,0.900330344905507,8.397847499975091
p232_126.wav,2.7105705738067627,4.183673400260991,3.376015222458083,3.4961353525906724,0.9394160105474523,7.494640093243805
p232_127.wav,3.8338205814361572,5.0,4.340899919173354,4.653888267356579,0.9954887993544314,13.97832782201591
p232_128.wav,3.224346160888672,4.635717806882707,3.786680766589243,3.987124033846587,0.9943568150532357,9.823033074191759
p232_129.wav,3.4717636108398438,4.968674709133321,4.197556743771424,4.277041016530373,0.9918489508006061,14.498030348256451
p232_130.wav,2.6510767936706543,4.176153544562239,3.521950513109307,3.4682539077654653,0.9926208692045415,10.002412170749391
p232_131.wav,3.3374509811401367,4.8319695116093975,4.04809676019354,4.1414214829031915,0.9904545270476419,13.134845872448937
p232_132.wav,3.154623031616211,4.529272582326435,3.77968862808712,3.898420030546326,0.9051284288200245,10.264508194129398
p232_133.wav,2.068227767944336,3.6472270627039323,3.09550274941539,2.9047792549233886,0.9160655586382082,7.919040795983419
p232_134.wav,2.0304925441741943,3.579761272055426,2.852820676208137,2.8513502106153807,0.9009322547333728,4.3887245479752055
p232_135.wav,3.7106192111968994,4.974669599270884,3.9382181576153625,4.396369192205993,0.9651901993048564,8.75733834635514
p232_136.wav,2.7968506813049316,4.364806223233579,3.3247520839751123,3.6287811607005,0.8180690041445188,6.072522907279749
p232_137.wav,2.9524106979370117,4.361404102937528,3.383831647987548,3.704573052879982,0.9662127503824469,5.877053981366505
p232_138.wav,2.7973601818084717,3.97421248669031,3.370770480538276,3.432941918430041,0.8341336484373642,6.876150440049509
p232_139.wav,3.7033376693725586,5.0,4.329755731171048,4.490955302761679,0.9998445678559135,14.785138704866311
p232_140.wav,3.351625442504883,4.755736168322034,3.9723752396603014,4.102483970453065,0.9176861149792068,12.1850544805663
p232_141.wav,3.2858078479766846,4.5859830874974685,3.832954177574711,3.9707250767313496,0.8579276081979337,11.090834917869259
p232_142.wav,3.2298669815063477,4.362871977186865,3.794075406263893,3.839848159764984,0.9432274927736141,10.528726885829165
p232_143.wav,3.6213631629943848,4.935142674241802,4.018963598754554,4.336298210230369,0.9877940371754764,10.510573057307521
p232_144.wav,3.5095934867858887,4.973041658779207,4.091094492367896,4.297678484550275,0.9835372790657969,12.549243454304388
p232_145.wav,2.774860382080078,4.097234893120912,3.4301952936184015,3.4739772824418904,0.9014264740723631,8.37851001514482
p232_146.wav,2.8026177883148193,4.126906561328871,3.4442852260571692,3.5126801391991282,0.9000196298825194,7.954375560726961
p232_147.wav,4.001596450805664,5.0,4.536170986476034,4.759194230674734,0.9906163944396831,15.833831591568787
p232_148.wav,3.7110323905944824,5.0,4.309605848785455,4.503645157456892,0.9994727010102787,14.382578065968906
p232_150.wav,3.391508102416992,4.893238665790198,4.055810909699674,4.199611337040403,0.9826952912459715,12.829205113393767
p232_151.wav,3.1600165367126465,4.566827008116624,3.8014790931616442,3.9195939296084825,0.9920247758445787,10.579846988677053
p232_152.wav,3.2185873985290527,4.692767653892827,3.800824933543969,4.009645711258921,0.9890648747271181,10.221505201254205
p232_153.wav,2.6659505367279053,4.1531910363645865,3.3846613946636763,3.45813987995865,0.8932422836936494,7.983502951027012
p232_154.wav,2.590031385421753,4.080309948846631,3.260611010238315,3.381169699985584,0.9438518355158959,6.694899076250891
p232_155.wav,2.208115816116333,3.7096892647378334,2.956025400901784,2.999798889758345,0.9020832114498699,4.938862008361936
p232_156.wav,3.4162724018096924,4.853617765408554,4.006290665194484,4.189477414931342,0.9517973289649514,11.984140947171063
p232_158.wav,3.2115588188171387,4.605178959065185,3.8544204844039514,3.961607319875528,0.9875372285485787,11.165546752379521
p232_159.wav,2.7608325481414795,4.026825893674787,3.3906422680697936,3.450598310397642,0.9846877221845171,7.03153704797314
p232_160.wav,2.136155605316162,3.4390433613910223,3.042233201986498,2.830596136468099,0.913710158552559,6.7739154446556675
p232_161.wav,3.6878128051757812,5.0,4.463535345998068,4.465161665267423,0.9909493651390308,17.04116599348969
p232_162.wav,3.343228578567505,4.799220960447817,4.070906541099845,4.125737437690794,0.9692500590910245,13.554705819723809
p232_163.wav,3.292280673980713,4.675185919052229,4.122835135678225,4.041297005027861,0.9490136457504859,14.633232370096298
p232_164.wav,3.077566385269165,4.3948965534364195,3.7259968291331456,3.788642592762951,0.9410818849055219,10.17336542604312
p232_165.wav,3.342693567276001,4.629704995389128,3.8809034379764764,4.043408429285134,0.9948882506185472,10.442066940018737
p232_167.wav,3.52190899848938,5.0,4.16182701965962,4.326998887808291,0.995670133234295,13.525773238280483
p232_169.wav,3.2060375213623047,4.646160965448209,3.86613846060795,3.9809669830941075,0.9898132532524209,11.316057604104111
p232_170.wav,2.337759017944336,3.8772411201117216,3.0967462350242787,3.1451754773093437,0.8494590518558123,6.3412203367046
p232_171.wav,3.4219729900360107,4.868964271898993,3.946603385173428,4.19857785533951,0.9791205703798607,11.055776799628937
p232_172.wav,3.72454571723938,5.0,4.398476747625578,4.511551027184713,0.9856363449238678,15.708838863348642
p232_173.wav,3.3462162017822266,4.7519361426097495,3.871268991390887,4.106457982375675,0.9673596040961873,10.242491131364003
p232_174.wav,2.6117639541625977,4.026625763639142,3.372006383324611,3.3667896852008545,0.9466824217780998,8.238379471723887
p232_175.wav,3.659040689468384,5.0,4.292806098376637,4.402136678911859,0.9965839864385979,14.553306195740323
p232_176.wav,2.9485867023468018,4.370036802454063,3.622174333265478,3.71313159277194,0.9652832747470363,9.416376519943919
p232_177.wav,2.191950559616089,3.74219706938792,2.960605127858041,3.013834026544595,0.8890364851204442,4.868834357553949
p232_178.wav,2.3366458415985107,3.7249166488192533,3.0945744437034453,3.073694813184995,0.8865839338336163,6.100466750955995
p232_179.wav,3.2610790729522705,4.793508680090808,3.9985906611860296,4.081636893922337,0.9823187411071433,13.020243371217392
p232_180.wav,3.6178510189056396,4.973462885752957,4.020806931999924,4.3500976623569505,0.9866963367948884,10.720424365160875
p232_181.wav,2.560106039047241,3.8266721762390263,3.303823630838138,3.2459417685995695,0.9921689936206756,7.339723414695165
p232_182.wav,2.3341379165649414,3.6895382760636593,3.044700657590462,3.0558223558645428,0.9708964670807003,5.2839124463989515
p232_183.wav,3.6727294921875,5.0,4.1121401144979846,4.44914364270407,0.9768287791364769,11.624675295404545
p232_184.wav,3.5081605911254883,4.8308704929451025,4.246566670352581,4.22680413311896,0.9920887679456861,15.001959951954145
p232_185.wav,3.5009500980377197,4.862844467257592,4.14958051694853,4.2396668757912455,0.9983220261951357,13.491012943941668
p232_186.wav,2.77215838432312,4.3033903034833,3.306756172208226,3.589074062496181,0.9134106070864071,5.827927836465283
p232_187.wav,2.9791464805603027,4.47851315638765,3.5562460251146333,3.779154645814136,0.8116860565274437,8.287089661051432
p232_188.wav,3.3239543437957764,4.8036904357496555,3.9597259004451137,4.117712197602665,0.9513610966382674,11.958921092698304
p232_189.wav,2.979902744293213,4.463915632765086,3.577126685366357,3.7719859786637118,0.9459413625808826,8.625447009869198
p232_190.wav,2.7475509643554688,4.197993845930762,3.3111737950909763,3.5250661327818436,0.9842609979686525,6.046856648729961
p232_191.wav,3.56152606010437,5.0,3.9699521914578995,4.358658399122256,0.9656333617231407,10.23916489875775
p232_193.wav,3.249973773956299,4.786326953059556,4.038412002040079,4.073271912462529,0.9888803101616631,13.700625437320506
p232_194.wav,3.3355789184570312,4.813904489761783,4.085213388886085,4.130341060244346,0.9887323622961823,13.78871527030666
p232_195.wav,3.3123865127563477,4.723916154892531,4.012438778897146,4.075620881279113,0.9665867714225881,12.73169081431976
p232_196.wav,3.4574484825134277,4.843267154929602,4.040112250103017,4.2092769075662355,0.9931053404759455,12.025415021214098
p232_197.wav,3.315673828125,4.747263045780841,4.002193358706697,4.087479753827466,0.9860738004041165,12.606591534795617
p232_198.wav,2.8826255798339844,4.376132396367158,3.3854160833314553,3.6835213198186816,0.9870005013352658,6.129485561812316
p232_199.wav,2.072617292404175,3.884872582090431,2.9671176494782663,3.026130856747311,0.9607778686470096,5.808679992709734
p232_200.wav,3.683164119720459,4.98885887271611,4.273757482349114,4.394300236765809,0.9943464412287165,14.083061020464964
p232_201.wav,3.4551525115966797,4.776859355412827,3.981420220767802,4.1733818329985155,0.9949303914275979,11.185813514889746
p232_202.wav,2.993610382080078,4.496651972833809,3.7846480629132073,3.7998479017702134,0.9625249164475804,11.610496269168928
p232_203.wav,2.26542067527771,3.6810502615168095,3.047437431143521,3.0196594849493423,0.9349314796756029,5.7271146759945974
p232_204.wav,4.004212856292725,5.0,4.641470099449972,4.7324306561557306,0.9997697843364279,17.424790224979393
p232_205.wav,3.801307201385498,5.0,4.353144813310914,4.555974724216477,0.9873145801527031,14.454391432153596
p232_206.wav,3.5189952850341797,4.914788877360654,4.217817494808014,4.273087795147811,0.9773928957632477,14.504956130273301
p232_207.wav,2.8228280544281006,4.360806473142618,3.6089300006386758,3.64508674820453,0.8863395305149053,10.158043825570761
p232_208.wav,3.333482265472412,4.802976679735985,3.974132664909966,4.12249321295708,0.8271281450343948,12.100994226562928
p232_209.wav,2.8210389614105225,4.24397675474816,3.665836306671348,3.5851469030614593,0.8340119182521716,11.114783985390476
p232_210.wav,2.5178780555725098,4.114041676113965,3.289710284441936,3.3666960964578565,0.9880474237457174,7.47613018727391
p232_211.wav,2.4567513465881348,4.014741964757261,3.0810200563344963,3.2846666165536935,0.9064895139826087,4.7046545197761445
p232_213.wav,3.6185359954833984,5.0,3.9682898655320877,4.418832766796167,0.967687708537179,9.976849129876152
p232_214.wav,3.2629499435424805,4.727592655272334,3.7985486433283207,4.04778925810757,0.9955720336540896,9.918653948764904
p232_215.wav,3.497377395629883,4.899742141636007,4.019581387627554,4.257382453916726,0.998082745391538,11.403512394424212
p232_216.wav,3.281604528427124,4.686503855327926,3.8297442789579743,4.0397976187061255,0.991949707844814,10.138652675322797
p232_217.wav,3.715383291244507,4.936124352469213,4.124866783965555,4.3831317108385255,0.8823967899238926,11.528084278310876
p232_218.wav,2.913529396057129,4.459706342611274,3.7246328129366555,3.7343735330530663,0.9418006796864286,11.558606578193167
p232_219.wav,2.9787487983703613,4.485638800378479,3.6556032030209895,3.7824668963232924,0.9698930437000809,9.868634503469197
p232_220.wav,2.500882387161255,4.026389639865179,3.3483799724971774,3.3151439590706624,0.9621315481609046,8.508009988901817
p232_221.wav,3.3714044094085693,4.758369016421348,4.043108930555616,4.1203834526198335,0.994090033492727,12.866874596014547
p232_223.wav,3.3017380237579346,4.7181416472360755,3.6988155193702195,4.061847054772906,0.9330232238857432,8.07769696540259
p232_224.wav,3.0240671634674072,4.486528507619413,3.5168557984380384,3.810478854278524,0.9668551645859915,7.116030423860426
p232_225.wav,2.636216878890991,3.907259005572871,3.2205292760389663,3.319707167882983,0.9228810639588975,5.650080141013974
p232_226.wav,3.707744836807251,5.0,4.349875864206334,4.49583416078828,0.9870418854639831,15.083189504635996
p232_227.wav,3.564450979232788,4.952965354562284,4.331308786055491,4.317829993813555,0.9992755750546355,15.838454341702562
p232_228.wav,3.4450876712799072,4.769576908199777,3.881365874948865,4.161367912898427,0.9894799862941027,9.819761617538004
p232_229.wav,3.3513760566711426,4.667075328427117,3.9635881366018237,4.064989927702946,0.9807811791195481,11.750206427993989
p232_230.wav,2.9573662281036377,4.4688327782708175,3.733529269204206,3.766047884262776,0.9156027264809191,11.1470430711786
p232_231.wav,2.927506923675537,4.483276059994705,3.7125608511607364,3.760383931154448,0.9971733419281439,10.942625343059795
p232_232.wav,2.5732052326202393,4.241171485813683,3.379870328818354,3.4599092922559582,0.9802168213199737,8.398508473203787
p232_234.wav,2.965062379837036,4.486132144020514,3.419871200877584,3.7736253534419406,0.8994241313540028,6.3265658005572325
p232_235.wav,3.7693748474121094,5.0,4.343267700585097,4.545427337990909,0.9994985188605702,14.666660178155709
p232_236.wav,3.466508388519287,4.853240008269556,3.8259448933078297,4.215550959125063,0.9603274754398156,8.700961309855348
p232_237.wav,3.738839626312256,5.0,4.326590650201486,4.527867385657576,0.9985582947866605,14.490656969075937
p232_238.wav,3.6406145095825195,4.992774770936317,4.094670824775473,4.376862078141319,0.9991781832992905,11.470751626219997
p232_239.wav,3.3751471042633057,4.848530689937682,3.879657832019914,4.170346735868742,0.995973297232567,10.102516993366947
p232_240.wav,3.431161642074585,4.901031280372509,4.066718891562553,4.221132408938228,0.9918707057422531,12.806342882645138
p232_241.wav,2.4898324012756348,4.045170653471597,3.121007547487437,3.3152312388307164,0.9125539799075442,5.144801388317963
p232_242.wav,2.119473695755005,3.6967055976035024,2.8025877407380255,2.9488234113829574,0.8769201289831752,3.1650604209937176
p232_243.wav,3.6098241806030273,4.926868532355272,4.02798345635773,4.323676834095078,0.9965859058376039,10.859268862425674
p232_244.wav,3.2472615242004395,4.68940635041914,3.7901944751626298,4.022635324778123,0.9870385692133993,9.827160318297103
p232_245.wav,2.8862855434417725,4.1581141332226075,3.53596586034337,3.577709936876711,0.8978102169494325,8.455270816239818
p232_246.wav,2.9720547199249268,4.328425001902813,3.424993607993305,3.7004834583558006,0.9555667338940559,6.275618806873435
p232_247.wav,3.751986265182495,5.0,4.242028315647655,4.487950519465935,0.9753204179166528,13.112354120282497
p232_248.wav,3.7079899311065674,5.0,4.484033353257435,4.439833502808866,0.9789081380489258,17.238578883263074
p232_249.wav,3.541253089904785,4.915804559065265,4.208323541912091,4.28830352304915,0.9967539008533254,14.032455251101394
p232_250.wav,3.5611257553100586,4.77874320377868,4.184924903711639,4.228166415588895,0.9728265357127883,13.597259846345942
p232_251.wav,3.282449960708618,4.84229754796704,4.145426128233587,4.119602656582485,0.980281625310161,15.061120683798093
p232_252.wav,3.232351779937744,4.707759261949029,3.893546293610611,4.025964122499608,0.9850187553431123,11.504751586869176
p232_253.wav,3.0818722248077393,4.472056314905764,3.747344352178358,3.828971233812336,0.9687890945149584,10.4900346638649
p232_254.wav,2.755361318588257,4.23805875354517,3.48847327082214,3.5464379956604914,0.9440613953050849,8.912339788292806
p232_255.wav,3.8764455318450928,5.0,4.248956001236003,4.625195339255623,0.9957160193170864,12.26880296148118
p232_256.wav,3.5233259201049805,5.0,4.06883444584167,4.323572542591198,0.9729102428699065,12.087892245200965
p232_257.wav,3.1132402420043945,4.582188405062216,3.6458029221947803,3.905534880202316,0.9978521228048916,8.37919869413166
p232_258.wav,3.148411273956299,4.566290451874404,3.8422876867641382,3.9101794719488874,0.982816837353675,11.460487490833689
p232_259.wav,3.666907548904419,5.0,4.333948831899281,4.428325090389462,0.996481253350581,15.095650658028152
p232_260.wav,3.1006858348846436,4.565881297633001,3.6601999386542152,3.8896798832747406,0.9913567065368754,8.76472678042125
p232_261.wav,2.6008429527282715,4.133598788511101,3.337548612886727,3.412131641946616,0.9410580779056569,7.87870890478629
p232_263.wav,1.9991354942321777,3.6069555227223953,2.9524906808672493,2.842055748434969,0.8919983186904379,6.516734018823605
p232_264.wav,3.537309169769287,4.8858251189545605,4.205345155379939,4.2682355157368965,0.9963003845641488,14.154311283483185
p232_265.wav,3.466233015060425,4.857905853415142,3.834903848373808,4.213596170200707,0.9759520813628879,9.02754290644917
p232_266.wav,3.18656587600708,4.622648755411846,3.707555457141182,3.9528847920769334,0.9480132744700255,9.235222637871772
p232_267.wav,2.4386422634124756,3.898519631212637,3.1670850477405423,3.207956436892921,0.9433388212853696,6.637164676882106
p232_268.wav,3.6923460960388184,5.0,4.342774778122133,4.438235187215906,0.9911167602637034,15.3055163678497
p232_269.wav,3.687865972518921,5.0,4.520388176210383,4.451490333134852,0.9944158507913328,17.914917844109993
p232_270.wav,3.5737497806549072,4.990528677023371,4.244029433400564,4.336244267192209,0.9817965886100201,14.601563351700772
p232_271.wav,3.330416440963745,4.6522953789789305,3.996101156575183,4.047759318490247,0.9782505463298498,12.394148736955175
p232_272.wav,3.652639865875244,5.0,4.441454092052991,4.468850480685589,0.9442707754978137,16.964364656948064
p232_273.wav,2.8242838382720947,4.395860525707993,3.6198548064447946,3.6642689014214938,0.9743908014000278,10.276120992975823
p232_274.wav,3.1160686016082764,4.6534065452288935,3.8158208098860613,3.938711310259841,0.940068696558043,11.218918359015522
p232_275.wav,2.481046676635742,4.098611546040348,3.335994007012086,3.340332282427178,0.9696881358396008,8.494106302819299
p232_276.wav,3.820059061050415,5.0,4.490451612924295,4.595264914331563,0.9967218425979963,16.477234589296373
p232_277.wav,3.3340792655944824,4.931908290254113,4.124938502994737,4.187558239530879,0.9710477435739433,14.46328787460071
p232_278.wav,3.5413856506347656,5.0,4.039982934562681,4.3361226112087055,0.9878349053142172,11.458958201387505
p232_279.wav,2.3168258666992188,3.8328855361878693,3.0501191476649105,3.1231148566179314,0.8726057245741956,5.293792499277806
p232_280.wav,3.210888624191284,4.657198672776779,3.9248967854843517,3.988925574235032,0.9540101968662735,12.211177306221886
p232_281.wav,2.7888944149017334,4.340905281954783,3.36796543343096,3.6137821809729833,0.8768573131640907,6.778675265445497
p232_282.wav,3.161431312561035,4.750996833739257,3.956862798499157,4.010384885436722,0.9808613299890346,13.104293422833624
p232_283.wav,1.8895599842071533,3.4356884480486403,2.7560754452256955,2.70452452178907,0.8587670077234819,4.097443585327126
p232_284.wav,3.4579977989196777,4.840029126576341,3.936015194404213,4.2055154110863855,0.9975661549493622,10.475876755710496
p232_285.wav,3.2314181327819824,4.569215797243587,3.730652703266484,3.9545982160237627,0.9701492303201015,9.012548417844288
p232_286.wav,3.1247942447662354,4.558884774292221,3.5532913611173638,3.893288032328615,0.9732478997609243,7.1088654998963365
p232_287.wav,2.3880178928375244,3.947037143866881,3.073895375766524,3.217444142857091,0.9319682359924782,5.0613653438218185
p232_288.wav,3.826235771179199,5.0,4.363235826148242,4.573347669601303,0.9932572968399856,14.41250522010169
p232_289.wav,3.84442138671875,5.0,4.458044861994601,4.605609805562115,0.9994691037532504,15.691462634687381
p232_290.wav,3.5946614742279053,4.860904712211289,4.023039432529918,4.286682234455367,0.998988583289246,10.742348348080654
p232_291.wav,3.5959291458129883,4.898737754958594,4.08061196611701,4.306690110260297,0.9984926605408322,11.622649555430936
p232_292.wav,3.3222484588623047,4.816450458319015,3.8804219080592723,4.128516447591828,0.9967435716122917,10.47882379052956
p232_293.wav,3.1258625984191895,4.638292006613306,3.9231115896346065,3.9364510928397656,0.9793594241829606,12.833770998488474
p232_294.wav,3.0210132598876953,4.574832767859928,3.6774070011820905,3.850367469355021,0.9775636717916794,9.798083134935279
p232_295.wav,2.3206117153167725,3.902491676358933,3.250143011613435,3.155768896657267,0.9279511900806812,8.611512201591221
p232_296.wav,3.4992759227752686,4.866471542329044,4.010190322853589,4.229155355733435,0.9646621357043073,11.796567645325815
p232_297.wav,3.4940638542175293,4.932727155531216,4.202525047197265,4.267209421135703,0.9513817332463835,14.54894695925109
p232_298.wav,3.248344659805298,4.663895854445938,3.7190597607221756,4.011228771248233,0.9679535155753153,8.65722619809508
p232_299.wav,3.0880508422851562,4.6062232064397906,3.691014552375709,3.9024004089356614,0.9300100196220227,9.392546809892728
p232_300.wav,3.242051601409912,4.642725418901679,3.710792344481979,3.996572269592107,0.9009870505822803,8.615378073808383
p232_301.wav,2.8747897148132324,4.4126644934624,3.5817381733003217,3.6989761729160597,0.9908122470022641,9.250775808719066
p232_302.wav,2.29042649269104,3.8831792323016248,3.03535665827955,3.129728840532197,0.8227623169797557,5.4835836238005955
p232_303.wav,2.1796469688415527,3.740386264196539,3.005104122771054,3.0023135101929297,0.9211230195713472,5.8626707756698755
p232_305.wav,3.3240368366241455,4.492864681134993,3.780571000230615,3.9631847598804644,0.9810314561942362,9.110662148456274
p232_306.wav,2.7157704830169678,4.025954155195035,3.3926775949831627,3.4246474779312104,0.8969950231257973,7.527448372587534
p232_307.wav,2.58463978767395,4.036634948239106,3.3098776735401843,3.3620506553811174,0.9680044916156322,7.28276585387783
p232_308.wav,2.3937695026397705,3.9362066144063252,3.109867380169175,3.207974109398418,0.8456748521391422,5.896482620944566
p232_309.wav,3.813312292098999,5.0,4.685903502373136,4.572738020841659,0.9847760596580016,19.636946880584212
p232_310.wav,3.496927499771118,4.927630804873166,3.9111989141025685,4.261288284440003,0.971474059350312,10.115861654275067
p232_311.wav,3.500582695007324,4.871908390855398,4.064121468344965,4.2445135539337375,0.9816029340414215,12.114297265636708
p232_312.wav,3.6220762729644775,4.895493862059318,4.254792055372052,4.315196498228584,0.9754048885150145,14.324857874754963
p232_313.wav,3.3122551441192627,4.794686460702671,4.029011596873983,4.108907260911374,0.9777984448916511,13.077719959931606
p232_314.wav,2.938964366912842,4.4522761845875705,3.584206550693226,3.7468662286931607,0.964870212525889,8.989215885629186
p232_315.wav,3.0721969604492188,4.432121585560567,3.6669061456460166,3.8070322533439827,0.9362325031383382,9.162531064057065
p232_316.wav,1.7004684209823608,3.5104493425474796,2.7962173919724322,2.6503764103994274,0.8773585541429277,5.98700876525913
p232_317.wav,3.633493661880493,5.0,4.338433430170341,4.440043565498315,0.9968427431702607,15.482721418949708
p232_318.wav,3.4663941860198975,4.961311085053908,4.15406060372679,4.272049128122853,0.9957424011532156,13.78740330660101
p232_319.wav,3.597080945968628,5.0,4.323639596633926,4.376201143405334,0.9826947285837258,15.507368834204485
p232_320.wav,2.9191009998321533,4.379473580724151,3.7185665981161216,3.70153739215334,0.9584393104583551,11.23183037279802
p232_321.wav,3.397892475128174,4.872632907191598,4.1733834625818265,4.192861122670595,0.9961441341197504,14.634715911958965
p232_322.wav,2.595612049102783,4.237667174055876,3.452745852384667,3.46873042300782,0.9583995097631248,9.418294819447029
p232_323.wav,2.673703193664551,4.014836778356121,3.3755418648788944,3.396100006595098,0.9802593159589998,7.652759129761395
p232_324.wav,2.7695302963256836,4.167856445467782,3.345823033103048,3.516150991323127,0.9676096886184493,6.651189285240616
p232_325.wav,3.4191739559173584,4.7960122281612865,3.787272159109923,4.16345511304796,0.9939235939360652,8.433857865236757
p232_326.wav,3.0907154083251953,4.554347593282378,3.5439210480151444,3.870807424087244,0.9355963507604745,7.351509415624638
p232_327.wav,2.953146457672119,4.387642148911844,3.654736638636237,3.7219806417053976,0.9883362983501793,9.996161258023044
p232_328.wav,2.4136745929718018,3.7994885258231976,3.125019321980096,3.1505617834448256,0.9285317033044135,5.9611504426941675
p232_329.wav,3.323162317276001,4.88051408438074,4.015161381807548,4.155157632496536,0.9996580467554549,12.861592237749923
p232_330.wav,3.35874605178833,4.790226442942311,3.9307429215084673,4.128960176332009,0.9888374980998017,11.21821484030507
p232_331.wav,4.001970291137695,5.0,4.705404902445421,4.734168727542939,0.9856819242570783,18.46733987755438
p232_332.wav,3.2860076427459717,4.561773876027994,3.899463711308636,3.9813653196191368,0.99677772462558,11.149945143910491
p232_333.wav,3.421586275100708,4.888930484518173,3.948289135751381,4.210435138654225,0.9557121229480822,10.992153336976113
p232_334.wav,3.157550811767578,4.616744341243177,3.899384800597414,3.943741732079566,0.9936717740657469,12.128138460618883
p232_335.wav,1.8894002437591553,3.5111864924902605,3.0371284510275256,2.749459672356651,0.9353726623422038,8.23156462043262
p232_336.wav,2.629760265350342,4.227303786300531,3.3055166387050483,3.479661617430137,0.9491079652298599,6.873160219452505
p232_337.wav,3.959498405456543,5.0,4.561659999012255,4.722442578838982,0.9986582843757159,16.522433697888502
p232_338.wav,3.5570077896118164,4.991132853042485,4.032973328862464,4.328143222577092,0.9976067961247551,11.376181870104455
p232_339.wav,3.5628252029418945,4.871062638231309,3.840252949109446,4.277158587474529,0.9984443108667239,8.016514474893043
p232_340.wav,3.1291399002075195,4.470194485094059,3.6123699332736723,3.8538434827802672,0.9711848003230767,7.903910219213498
p232_341.wav,3.1963555812835693,4.669880482254323,3.747704570131972,3.987958671066497,0.9822740374486777,9.506151416131456
p232_342.wav,2.3056955337524414,3.8506842793312894,3.321259737386593,3.1258534914966827,0.9087014079660306,9.70396081323722
p232_343.wav,2.1587746143341064,3.8633340591968444,3.131749651005472,3.0581196767038823,0.940879354735843,7.803462041858094
p232_344.wav,2.160806894302368,3.5610265135583425,2.930966131062949,2.908980630960545,0.9147089903420612,4.589810300161853
p232_346.wav,3.648730516433716,5.0,4.012027238975648,4.39838502575267,0.9719376475132814,10.345302772446727
p232_347.wav,3.203643560409546,4.6212632193835095,3.8746489798560484,3.9681054209733433,0.9937297170865463,11.436895203989684
p232_348.wav,2.689678430557251,4.130536553481871,3.4552311551854378,3.4542232542298508,0.9745287539238422,9.12745249095673
p232_349.wav,2.794983148574829,4.258096725937822,3.4694049410430696,3.575809427134916,0.969611397648606,8.33576737147844
p232_350.wav,4.143743515014648,5.0,4.692259471783638,4.893696097394939,0.9897568124827768,17.236232297924676
p232_351.wav,3.6092846393585205,5.0,4.112371820278008,4.369457319375334,0.9815460737663427,12.153827441910122
p232_352.wav,3.564664602279663,4.907328639644284,4.0350791067108895,4.293632476145524,0.9975011106282884,11.205177518986382
p232_353.wav,3.133309841156006,4.598099288689089,3.7859969114294794,3.923721358034764,0.9962207091817281,10.44626715968489
p232_354.wav,3.4767088890075684,4.823251151633499,4.022051572083141,4.202464090209784,0.8819643670047049,11.882480019412167
p232_355.wav,3.182267427444458,4.724147812236186,4.064419995544502,4.0082809337588365,0.9834436662603094,14.621129228370254
p232_356.wav,2.689565420150757,4.337564649104496,3.529408342812038,3.565707543509518,0.9566597354283173,9.929888748651546
p232_357.wav,3.3062236309051514,4.764167259931437,3.861109898353551,4.088735961134823,0.978747783751753,10.543857517041385
p232_358.wav,3.247570037841797,4.827245209550256,3.9981759834061634,4.091974681571723,0.9404646568765732,13.099720858288048
p232_359.wav,3.56781005859375,5.0,4.032194746740821,4.3667727551063145,0.9386919372019149,11.3258597373192
p232_360.wav,3.2136759757995605,4.570540429887652,3.940229004443708,3.9465986641131594,0.9550134079294567,12.460530894362117
p232_361.wav,3.3940813541412354,4.817912636127254,3.7956003396633964,4.164865701489043,0.9983854517273992,8.616131127617216
p232_362.wav,3.215153217315674,4.6084964246968605,4.022735286971137,3.9699048840897295,0.9955864265584754,13.59705177898921
p232_363.wav,2.837606906890869,4.404922526077308,3.6555956845345223,3.6745117698006258,0.9890075546985071,10.786136248318533
p232_364.wav,3.0222342014312744,4.432298387052743,3.663026582410083,3.7781370153448437,0.9845112263670504,9.645420628347797
p232_365.wav,2.4532954692840576,3.843193495743009,3.2153276661558654,3.1936718873909897,0.8973186721411545,7.0342281125486625
p232_366.wav,3.5024209022521973,4.933911036586832,4.046869787758846,4.274415636279109,0.9964622719504489,11.909205572797958
p232_367.wav,3.0920825004577637,4.638350206833761,3.7149615590281932,3.9181626230405895,0.9374378573735843,9.841601557810757
p232_368.wav,3.0926287174224854,4.498688737044443,3.6967095553881166,3.8503312590726892,0.9487820530626045,9.486754686601845
p232_369.wav,2.868391990661621,4.3516149136869275,3.5291017171586208,3.659218658798136,0.978231944613126,8.734799861460532
p232_370.wav,3.607959270477295,5.0,4.271635516539469,4.3894428693625445,0.9726075022047371,14.722720733430167
p232_371.wav,3.5931849479675293,4.97387384695866,4.186655046978405,4.343320989882526,0.9990816159603131,13.298888255043504
p232_372.wav,3.141296148300171,4.64480686359024,3.906694153954174,3.9427901478048533,0.9317943080807805,12.66297697600303
p232_373.wav,3.743830442428589,5.0,4.373128978713966,4.438339118872044,0.997387942441893,15.15252253899569
p232_374.wav,3.5325822830200195,4.99132556839175,4.126935081454157,4.318274907314117,0.9958559145474052,12.94854976853761
p232_375.wav,3.1678056716918945,4.565156809093475,3.781723595748687,3.921412155284089,0.9930911637214068,10.263739840715031
p232_377.wav,3.33815598487854,4.6978780795524555,3.9280124772308467,4.074893319855675,0.9893733518381427,11.230632898637184
p232_378.wav,2.662010669708252,4.191573175162483,3.442342039290883,3.4767888963034492,0.9804228239565622,8.861080168765744
p232_379.wav,3.504488706588745,4.988530722328078,4.230699201253704,4.302029260023351,0.9876022915310592,14.838217854741098
p232_380.wav,3.4601800441741943,4.936270987526997,4.238615199406642,4.254654464393413,0.9911367050385577,15.255885702971467
p232_381.wav,3.443032741546631,4.833325236449949,4.0479912630993615,4.194719144029785,0.9555286499097952,12.362579664233316
p232_382.wav,3.42802095413208,4.922540929972887,3.982228012381479,4.231172477015518,0.9612121870194177,11.448361263628685
p232_383.wav,3.415442705154419,4.724105592605742,3.8082506253774255,4.126448280923012,0.9950835555576075,8.766259555570418
p232_384.wav,2.2754673957824707,3.9563494883546584,3.2329138402941626,3.1589333393891237,0.8814645802451047,8.717448036150046
p232_385.wav,2.701632261276245,4.218618031849461,3.5003372022676547,3.5106954983211502,0.9372683527461801,9.461527246918907
p232_386.wav,2.3162381649017334,3.833408178725904,2.945321779530684,3.1168392120995843,0.8749987022510541,3.909682722828856
p232_387.wav,3.6695408821105957,5.0,4.17224234016957,4.415934681664233,0.9936606601181537,12.590681339824792
p232_388.wav,2.912262201309204,4.226995776655592,3.628886583632769,3.6166582386762185,0.9054501465312945,10.105077828977866
p232_389.wav,2.866269588470459,4.123871325944392,3.611585737935049,3.549267844894803,0.9722517245676978,9.86457716171557
p232_390.wav,2.809757709503174,4.1933357528431,3.490341654288125,3.551852248192448,0.948073954295506,8.520514925729978
p232_391.wav,3.776153802871704,5.0,4.270873865238458,4.558185318776825,0.9941520774815643,13.296314713038203
p232_392.wav,3.9111032485961914,5.0,4.591605108193311,4.6198602952880075,0.9807473428055503,17.368826139261206
p232_393.wav,3.5034420490264893,4.9218184795794215,4.22381447712051,4.271297238304582,0.9991610599886795,14.605117148165023
p232_394.wav,3.609269380569458,4.838942316760718,4.319829709959288,4.28345180940529,0.9980768153244237,15.328330550781489
p232_396.wav,3.244853973388672,4.721196448093315,3.927877007672768,4.038610835835768,0.9660640186340603,11.970352234338286
p232_397.wav,3.208469867706299,4.709442826217563,3.9712854130214263,4.015681477099094,0.9974698504829376,12.878525150509336
p232_398.wav,3.0827126502990723,4.539206680327941,3.791017198147334,3.865539559791325,0.9845998384299957,11.056512746233855
p232_399.wav,2.8411688804626465,4.26460820672612,3.5160817157612083,3.6014913140481766,0.942124901728176,8.765024833234072
p232_400.wav,3.5397274494171143,5.0,4.321320366190067,4.400633517492586,0.999642843169308,15.860088447485985
p232_402.wav,3.0713963508605957,4.375345470450876,3.621631704039547,3.775219037233191,0.9731391321296334,8.58913827346341
p232_403.wav,2.965470314025879,4.425048176097074,3.7849340103286897,3.7501798234597876,0.9663909502463186,11.821069640259896
p232_404.wav,3.4740147590637207,4.952643636967539,3.9214856036117274,4.270695906626988,0.9955489032637607,10.077071401878204
p232_405.wav,3.270636558532715,4.76319435084678,4.0413406988048015,4.07191437930941,0.9845542343331481,13.602736886542793
p232_407.wav,2.25240159034729,3.8153301387172975,3.02665214194445,3.079359373467832,0.8975532123104494,5.519744731617723
p232_409.wav,2.6716272830963135,4.13001667045854,3.3564900265126942,3.447381279083447,0.9411151179434499,7.585539229024223
p232_410.wav,3.4999732971191406,4.851390072476553,4.18661234319386,4.229698707013011,0.972382191888855,14.252578284547381
p232_411.wav,3.436983346939087,4.8867436847516865,3.9760746561369564,4.217962029119439,0.9846260591547376,11.279361709876236
p232_412.wav,3.0803873538970947,4.5191541878215915,3.9097232072079695,3.852553570866459,0.9775717262104912,13.039194001018274
p232_413.wav,3.6718502044677734,5.0,4.340316441186374,4.398001807802592,0.9996346836714586,15.15956313489555
p232_414.wav,2.682884931564331,4.08160841915127,3.390652105115569,3.4340802951096623,0.932351209304291,7.817642096907478
p232_415.wav,2.2354156970977783,3.7680054565447545,2.973920509892054,3.045586893095853,0.921295439608045,4.884213892973384
p257_001.wav,3.1704342365264893,4.783276983476675,3.740999911187115,4.023677341418091,0.9826407367233364,9.931898334389624
p257_002.wav,2.655837297439575,4.52871718830286,3.459937798506525,3.6379629336765973,0.9797407858265562,9.339728859585257
p257_003.wav,3.3310484886169434,4.85974222999594,3.8151329897131356,4.142879490060479,0.9797476825723966,9.887750293864235
p257_004.wav,3.1716854572296143,4.667766003898621,3.649727636330552,3.9718013458664063,0.9894598053562619,8.25479575001922
p257_006.wav,3.455796003341675,4.991661556421079,4.218946007048708,4.28068635939461,0.9845902224882971,14.946760117335993
p257_007.wav,2.6828250885009766,4.343085505737846,3.514780038667916,3.5592210829555775,0.9592772174979717,10.005691985365578
p257_008.wav,2.4994399547576904,4.177576216167496,3.335279682973407,3.37886792025827,0.9514272864039806,8.785689575929368
p257_009.wav,2.1863043308258057,3.7299711691998163,3.073585605169315,2.9931450489629725,0.9322222901713005,7.222911107435239
p257_010.wav,3.6222965717315674,5.0,4.080962182987052,4.389562601123884,0.9887924636126553,11.689168384007358
p257_011.wav,3.6792123317718506,5.0,4.232055450753036,4.453994871147053,0.9947098296552772,13.621811839089409
p257_012.wav,3.3403143882751465,4.77222715734468,3.964560411098978,4.10879672288143,0.983752072320431,11.97856785815635
p257_013.wav,2.461587905883789,4.018859274785014,3.169656502315365,3.2749454026547586,0.9431115375870659,6.7010605621122314
p257_014.wav,3.7321674823760986,5.0,4.459144813686159,4.525000424832575,0.996600445039634,16.78543567602246
p257_015.wav,3.876692533493042,5.0,4.436001086132841,4.643368541838286,0.99750404968002,15.334136455941284
p257_016.wav,3.4477782249450684,4.897489613638711,4.082218353946784,4.228272138938528,0.9912171101805258,12.903769573924759
p257_017.wav,3.4714438915252686,4.843397817334225,4.008955489685592,4.213216551534224,0.9865954913409242,11.5653372364007
p257_018.wav,3.591938018798828,5.0,4.251889873565721,4.405280809623381,0.9912241648191358,14.474353302858358
p257_019.wav,3.260335683822632,4.876865231548352,4.000535103898715,4.123989718732758,0.9898061750108145,13.00156592489664
p257_020.wav,3.1837270259857178,4.697654621502872,3.7968895531370714,3.993615288233276,0.9708173238558487,10.461371417118691
p257_022.wav,3.3368325233459473,4.813937546810713,3.948739022063878,4.127729486517167,0.9729764865224769,11.756622826078905
p257_023.wav,3.649951696395874,5.0,4.428248921820975,4.468518850186513,0.9964148423861543,16.88371890360436
p257_024.wav,3.7557754516601562,5.0,4.474112742867952,4.539093129130713,0.997244122534124,16.849007392955063
p257_025.wav,3.4389381408691406,4.908274663804768,3.991544118924563,4.224975649131441,0.990787389809901,11.716567163644289
p257_026.wav,3.065396785736084,4.541767564068183,3.391344044971043,3.842321847584348,0.9611319576812704,5.537718813665209
p257_027.wav,3.234344005584717,4.864173708448707,4.0193147809063525,4.1008983534725765,0.9853040148055532,13.65774670634575
p257_028.wav,2.6573598384857178,4.278138001202177,3.3884278869922695,3.5089824909960416,0.9550228617722804,8.416411177557968
p257_029.wav,2.4280998706817627,4.0535491185059875,3.1478631229018417,3.287946101452283,0.9203685993121482,6.051855125779998
p257_030.wav,2.894399881362915,4.383266117768292,3.5483532907186293,3.6884338280687707,0.9665120949562923,8.828361811550863
p257_031.wav,3.178245782852173,4.741615205736793,3.75366550399088,4.00917052426902,0.9027959532867119,9.973291331154691
p257_032.wav,3.29144024848938,4.809869229491135,3.630980419815564,4.104507109103373,0.9850173602876796,6.981308590748608
p257_033.wav,2.414339065551758,4.088006667543431,3.093002559974622,3.298833982118458,0.9123910877506058,5.254990969786099
p257_034.wav,2.774219036102295,4.270064482212976,3.431543434385809,3.569538009043396,0.9554400306635782,7.969044601534064
p257_035.wav,3.733509063720703,5.0,4.2917748133254925,4.512433380120963,0.9986636382445686,14.089822806480601
p257_036.wav,3.6018073558807373,5.0,3.8452005369480458,4.374942640920226,0.991674476081786,8.288679821424852
p257_037.wav,2.696519374847412,4.1481428160350635,3.372289281021098,3.4599221392838877,0.9804161042134384,8.046095487773934
p257_038.wav,3.3735623359680176,4.805973441342369,3.983637011886678,4.136727133168991,0.9870697588172777,12.278033611968626
p257_039.wav,3.3762900829315186,5.0,4.03234211661942,4.244000317074668,0.9867791446143439,12.792805137109582
p257_040.wav,3.1501121520996094,4.6706513475455305,3.732979113389584,3.95952142549145,0.9864297452177191,9.86425765746486
p257_041.wav,2.7201967239379883,3.950450927229518,3.151773153331924,3.3311486748652825,0.9370539263874853,6.23271388441291
p257_042.wav,2.0316343307495117,3.7035591963436714,2.8537579152204073,2.9046008353571993,0.8240276631935538,4.788127187049138
p257_043.wav,3.722844362258911,5.0,4.204434566026543,4.478979859982199,0.9880400233639991,13.139225533424321
p257_044.wav,3.3865058422088623,4.850232189207611,3.8103150665711336,4.165919845130296,0.9919282790911351,9.400714480316186
p257_045.wav,2.982083559036255,4.492458532845957,3.444514737417463,3.7913069507510953,0.9852201532637844,6.32693570532349
p257_046.wav,2.739762544631958,4.249369439681179,3.3265109783882116,3.522523154343489,0.9060089533789252,7.414440801219368
p257_047.wav,3.3908908367156982,4.894940400577633,3.933352399776496,4.193475215562093,0.9767897308218743,11.184027709276197
p257_048.wav,2.95682430267334,4.569288781894279,3.4787802804548447,3.8079693548832125,0.9813881874030593,7.450688192807601
p257_049.wav,2.9523158073425293,4.4489767151718365,3.648864997594643,3.7458857564166377,0.9680535130198276,10.182151954254456
p257_050.wav,1.8377792835235596,3.5115701132006203,2.7488717769557254,2.708581413773123,0.7956076306098842,4.708715861116423
p257_051.wav,3.7595324516296387,5.0,4.204683688117067,4.516452684896217,0.99723347344018,12.611290911173128
p257_052.wav,3.4694111347198486,4.89938940616134,3.9111674757386803,4.2361297480304385,0.9811133484123397,10.201285394057832
p257_053.wav,2.6901190280914307,4.282745200036404,3.331841619220673,3.530631331417905,0.9641958208286954,7.145671966498314
p257_054.wav,2.5387911796569824,4.050580126393316,3.0977575250186504,3.338873253165166,0.9048663451275896,4.570481470488028
p257_055.wav,3.77913498878479,5.0,4.04442454252454,4.499928817851675,0.9970100537133703,10.387516279289327
p257_056.wav,3.3616890907287598,4.739020648820891,3.7783698757886843,4.096283646356515,0.9891207279548843,9.159882010705862
p257_057.wav,3.6624057292938232,5.0,4.053425468282712,4.386549965365726,0.9929184358368469,11.001024671394275
p257_058.wav,3.245539665222168,4.667407644003618,3.6783200432623926,4.005754642529286,0.9807637315969399,8.287612328000616
p257_059.wav,2.297407388687134,4.299800133735367,3.484986646454983,3.348695873814923,0.9900080847703361,12.208798602723636
p257_060.wav,3.032679319381714,4.645946083562103,3.6317807935012167,3.8876232260939174,0.9715249957737719,9.162420709947526
p257_061.wav,2.7666468620300293,4.2282289580687324,3.2500358899340944,3.541120111862952,0.9507656036898943,5.311884182314789
p257_062.wav,2.7913193702697754,4.325456347275394,3.3578778146358044,3.598197539900385,0.9564597651666583,7.002072387691061
p257_063.wav,3.249239206314087,4.746855119948476,3.6636745438029514,4.046445464752662,0.9586730554090523,8.058269858532029
p257_064.wav,3.242220401763916,4.775493384500407,3.6326847152218322,4.057267756418886,0.9793203809150164,7.61446721836208
p257_065.wav,3.3203654289245605,4.80357143171071,3.8973247319789177,4.1144227044497,0.981576726402974,11.058132489215568
p257_066.wav,3.211712598800659,4.695791010345825,3.7438839213996977,3.9996681225834423,0.9668357115549117,9.72277118828196
p257_067.wav,1.807753324508667,3.8621079871491264,3.0775660355996086,2.877522269050023,0.9556480557035795,9.72716128981072
p257_068.wav,3.130742311477661,4.729325010612891,3.5449749442674063,3.9783967590994656,0.9685484526521719,7.050726758474749
p257_069.wav,2.041118860244751,3.7561563085953895,2.909291387434157,2.9361663309089856,0.8643900989103103,5.570976801506602
p257_070.wav,1.970210313796997,3.5146848652250795,2.7981995170129736,2.784515735669657,0.8800039075646375,4.155952906028601
p257_071.wav,3.57895565032959,5.0,4.027427595424017,4.39429855942206,0.9867626311454772,11.191422188526877
p257_072.wav,2.8961925506591797,4.508654269369219,3.498391178533199,3.7472611531255797,0.9645266753647606,8.218538259623156
p257_073.wav,3.098189353942871,4.480594597860835,3.6196743170271777,3.833888120855127,0.9737276165219805,8.673298495062637
p257_074.wav,2.4060723781585693,4.062028602544348,2.9647366145135683,3.2677207845396463,0.9082487263315505,3.8991406731448524
p257_075.wav,3.4584577083587646,4.931322178942256,4.0329397844311385,4.24408889713563,0.994640453775327,12.322964415773571
p257_076.wav,3.2786948680877686,4.798609313512929,3.8636774411331265,4.088178141043527,0.9810528081397317,10.960646053736111
p257_077.wav,3.3613367080688477,4.848179997310439,3.8514570397909225,4.153886247265532,0.9838970539468092,10.169957257909727
p257_078.wav,3.336373805999756,4.76717385095433,3.901232193869457,4.101916743626334,0.9906776413910143,11.107929697544195
p257_079.wav,3.3987514972686768,4.963585701254962,4.053166696512155,4.234565608744079,0.9821318937476109,12.895558451516358
p257_080.wav,3.384378671646118,4.848648771498767,3.939677109973464,4.163986475327356,0.9871184473422402,11.47336384329321
p257_081.wav,2.1168622970581055,3.707277367704821,2.992187266046461,2.950647472491583,0.8452674935912208,6.2876841556007275
p257_082.wav,2.7894785404205322,4.331908919047119,3.3927699931123345,3.607123625890069,0.950085446694791,7.277109390756303
p257_083.wav,2.9233813285827637,4.770832400436563,3.763746992237315,3.8942034933921494,0.9505609200187805,12.10260459781881
p257_084.wav,3.4574079513549805,5.0,4.013107447852475,4.294323960914686,0.9927987719372685,11.708537901098149
p257_085.wav,3.363334894180298,4.752518989071852,3.9473654871050226,4.107836405183441,0.97307116908899,11.653394503810501
p257_086.wav,3.1103851795196533,4.6346660428483775,3.555395995954662,3.9109508645806543,0.9457106308478511,7.8141277681970776
p257_087.wav,2.094552993774414,3.9241698092786947,3.25566535174176,3.0585077860789056,0.9035148941739741,10.145396995966232
p257_088.wav,2.974421501159668,4.577967254950739,3.690752652564012,3.825640914890701,0.9748951849609241,10.484982496916505
p257_089.wav,2.776499032974243,4.374380671997709,3.4410393811582534,3.6204484832129875,0.9662599671519806,8.197003606714496
p257_090.wav,1.2329763174057007,2.522356962197233,2.3351680953292653,1.9091037840640719,0.750607276801048,2.8132060347042356
p257_091.wav,3.339902400970459,4.830549615488351,3.787084478569576,4.135191692819733,0.9802731152666653,9.271085236511054
p257_092.wav,2.783961296081543,4.4014922657863025,3.252037424080537,3.6323581726588996,0.8602216432767386,5.37600062881598
p257_093.wav,2.286189556121826,3.9567699122707203,2.9254715133048266,3.1665365893267783,0.9209585611152713,3.6688331396933913
p257_094.wav,2.165174961090088,3.871251253457686,2.8892257138958,3.057158437594039,0.7644265303334675,4.263627213357474
p257_095.wav,3.978019952774048,5.0,4.53812508626446,4.727605030541434,0.9977403547817498,16.179259994467134
p257_096.wav,3.53072190284729,5.0,3.8249634010498634,4.326663070429673,0.9443374260074906,8.480065020326837
p257_097.wav,3.579127073287964,4.980313394132255,3.905892489973031,4.324579908336777,0.9876642938429574,9.603123217981409
p257_098.wav,3.026916027069092,4.440638880782671,3.487664422049927,3.78075214837094,0.8783835945509354,6.998158604504415
p257_099.wav,3.5824038982391357,5.0,4.092165753933264,4.361261647185536,0.9905979523673482,12.146155613030048
p257_100.wav,2.1928510665893555,3.9198258954321674,3.2954071658294106,3.095238444031593,0.882923883175395,10.503818391317518
p257_101.wav,3.0537753105163574,4.614880134793768,3.6830418422541253,3.88324602951891,0.9641436340740325,9.797188411552565
p257_102.wav,2.0587313175201416,3.7318622083086517,3.05277348609611,2.934235836425404,0.9420945695292219,7.659155003930211
p257_103.wav,3.6038172245025635,4.995346918628192,4.1282053114234945,4.355575212142499,0.9890943028126641,12.457828011411618
p257_104.wav,3.4274752140045166,4.953897777590985,4.005357485932863,4.245643705658018,0.955317280726717,11.857326042998087
p257_105.wav,3.1813132762908936,4.6442484694390105,3.6217356318288942,3.9535499197848325,0.9279528866140689,8.240209664941162
p257_106.wav,2.917316436767578,4.49184584120054,3.634044004314049,3.7471323924643576,0.9879777992306048,10.318645236887848
p257_107.wav,3.0636017322540283,4.626087839761297,3.8123181001729542,3.8914124987214307,0.9771415221040572,11.879151372426241
p257_108.wav,2.832569122314453,4.441411282561398,3.4615541197391186,3.6872826153104414,0.9686123689909873,7.869505446179872
p257_109.wav,2.6455085277557373,4.273919775058373,3.405187919473758,3.5032663292349846,0.9796367608223446,8.66806622406302
p257_110.wav,2.006317377090454,3.390202311032311,2.812599785981386,2.701929565768543,0.8791469817686784,5.823596595174313
p257_111.wav,3.531242609024048,4.895166679792908,3.9543225921716534,4.264790359242635,0.9757233038027293,10.437465153412505
p257_112.wav,3.3410000801086426,4.725054014071503,3.733666541941289,4.083124919355339,0.9750450524238741,8.42056172530845
p257_113.wav,2.768531084060669,4.261389000667511,3.3157652761812395,3.550666186325557,0.9332779377937607,6.6891920629033885
p257_114.wav,1.2548408508300781,2.9776862027528206,2.3854126140831786,2.1392813696621444,0.8698851069355148,3.7718349473661683
p257_115.wav,3.8555893898010254,5.0,4.278826142270734,4.62821383579612,0.9964480605230974,12.988655514444437
p257_116.wav,3.523693084716797,5.0,4.168890021799759,4.3466371412227405,0.9976789128662965,13.63979000425345
p257_117.wav,2.971327543258667,4.56697295153086,3.632863736072329,3.813830932332743,0.983160839401375,9.80006473892845
p257_118.wav,3.569754123687744,4.977169923349667,4.148122261159702,4.328665267836053,0.9946465879658487,13.061713486832991
p257_119.wav,3.189946413040161,4.82890678935516,3.7995950515415116,4.059760836064134,0.9347998919869248,10.558561455569071
p257_120.wav,2.5157761573791504,4.279533957528738,3.253103229049567,3.4337449669890723,0.9553666331454564,7.538142435618091
p257_121.wav,2.8030807971954346,4.427412363794914,3.494863763072969,3.659211143841122,0.9364260184205256,8.895813841808085
p257_122.wav,1.9355292320251465,3.6969826808244255,2.868598557430538,2.8562015201077786,0.8857544993017685,5.602952452138301
p257_123.wav,3.994966983795166,5.0,4.315585904567037,4.760389812240966,0.9987609906655313,12.540583354877374
p257_124.wav,2.8796072006225586,4.475128309294494,3.484535633094953,3.720234461734472,0.969502917260935,8.211249705803299
p257_125.wav,2.8154280185699463,4.4108425713000745,3.3183776723544027,3.6556723152133683,0.8867598674196547,6.068136167909517
p257_126.wav,2.9712212085723877,4.4858256882921985,3.514037595876783,3.779767228393693,0.8988648344107143,7.634241364345807
p257_127.wav,3.358132839202881,4.888742018702683,4.090304163083171,4.178289209290826,0.9803510989682492,13.728258211770902
p257_128.wav,3.2240772247314453,4.693406855290793,3.7433158889096316,4.008530753365546,0.9763266425757344,9.45228646615846
p257_129.wav,2.21195125579834,3.89374534461281,3.135590532178364,3.093637191693012,0.8704762685852383,7.745873062632167
p257_130.wav,2.28326416015625,3.7852631539682,2.9461974722525786,3.070158624850334,0.9109386986016912,4.4413956117289155
p257_131.wav,3.5014445781707764,4.817787551707939,3.8400598116344997,4.204724827350296,0.9784626726121691,9.136989978474862
p257_132.wav,3.325162172317505,4.735499321837695,3.882145382210909,4.083730671185156,0.9785368085904099,10.747467596187121
p257_133.wav,2.8962154388427734,4.514398909072464,3.4859799239623253,3.7524397954564273,0.957759660033145,7.9196403912403035
p257_135.wav,2.6861541271209717,4.3047682268859155,3.3121143161734006,3.5409923749140177,0.9584942713259693,6.800712463991876
p257_136.wav,3.5627903938293457,5.0,4.240271353658325,4.379074097101706,0.9965219637472069,14.657967892878677
p257_137.wav,3.476109504699707,4.922758691386737,3.9186950020145956,4.24920633262459,0.9488684569572482,10.3551454930485
p257_138.wav,3.3486063480377197,4.874879013626456,3.8215067367319406,4.161893521233448,0.9523452008781381,9.740431870357165
p257_139.wav,3.3754658699035645,4.588287026507557,3.7561862303073266,4.027505406692291,0.9133167789167067,8.735590561348085
p257_140.wav,3.186966896057129,4.725235824264004,3.679315244539726,4.00207474246079,0.9093833574845481,8.874545368155701
p257_141.wav,3.0340380668640137,4.573976129525537,3.709768467652404,3.854954520696558,0.9737442588072787,10.28183290135131
p257_142.wav,3.1819119453430176,4.648296223994233,3.7144678762885475,3.957700043790911,0.9679209746580607,9.626813360671779
p257_143.wav,2.505061149597168,4.023332076277899,3.266917621095834,3.297103545949346,0.8898425495180687,8.004036322879557
p257_144.wav,3.6745684146881104,5.0,4.2178550630733955,4.472556100895338,0.99622440178582,13.640081710820812
p257_145.wav,3.6545164585113525,4.986785121004345,3.888814003397681,4.347002252554949,0.9856826945964148,9.591288035450113
p257_146.wav,3.1923749446868896,4.7816842352956765,3.555730299220002,4.035136910189639,0.9814518082846659,6.772968314996805
p257_147.wav,2.898193836212158,4.36819112524622,3.5284282772770124,3.6740342616044033,0.9659611093492871,8.871665149624734
p257_148.wav,3.0285542011260986,4.707781469996524,3.755601674979495,3.91477561949292,0.9907692052750088,11.226629785384109
p257_149.wav,2.683274745941162,4.261058522218719,3.348347959638047,3.5223690844650273,0.9621091641480556,7.195934233258971
p257_150.wav,2.356139898300171,3.9513050746672165,3.2119996656461227,3.192221547991904,0.914044642627647,7.990982007118499
p257_151.wav,1.5448498725891113,3.116569331767053,2.521652068270013,2.3519755829728632,0.8265944418266566,3.8597396074569676
p257_152.wav,1.9468547105789185,3.9548228124405274,3.2080235007546207,2.9955215403693094,0.9577733515059286,10.670880157691355
p257_153.wav,3.1595423221588135,4.678366934341252,3.589021257204472,3.9657439470562776,0.9732234363540825,7.612454341203197
p257_154.wav,2.3260018825531006,3.954190546367442,3.1460068850268663,3.1788805703791154,0.9282419900436926,7.152672273223284
p257_155.wav,2.6667401790618896,4.2577960766308705,3.1813000508967546,3.5063598687158204,0.94694992758293,4.9357973805981565
p257_156.wav,3.856884479522705,5.0,4.324279986582484,4.6368957633461045,0.9986045280540057,13.659467285694992
p257_157.wav,3.5827980041503906,5.0,4.238874494775174,4.354177049335677,0.9930741366006844,14.45590303984984
p257_158.wav,3.070366382598877,4.58466677307209,3.5642288751973124,3.8666438448230793,0.9674288620460362,8.223634625794565
p257_159.wav,3.0795958042144775,4.427937918330606,3.536631390538737,3.786032970402765,0.9710063563722144,8.036645038093333
p257_160.wav,1.6926710605621338,3.825127146581496,3.1294787343120585,2.7971193853313325,0.9819887104821303,11.595716951817096
p257_161.wav,3.092402696609497,4.582538903839292,3.5932375344954246,3.87006887245239,0.9755474501997329,8.809612048063425
p257_162.wav,2.2911808490753174,3.996573947440101,3.2028749274347224,3.183164290368485,0.9726560483503033,8.285241902577937
p257_163.wav,2.558011293411255,3.9844129389468637,3.2729591107638147,3.3095328839410434,0.924229739586063,7.4754047480623385
p257_164.wav,3.925480365753174,5.0,4.386226437561222,4.7032621814622395,0.9950346121876016,14.087609273303908
p257_165.wav,3.818845748901367,5.0,4.020244234067755,4.54590413530523,0.987408557017112,9.504383007393386
p257_166.wav,3.0774002075195312,4.495842606204088,3.6542977471367264,3.835094444034902,0.9579209503232454,9.199212121391387
p257_167.wav,3.1058506965637207,4.5911629527966955,3.7184796031584977,3.8963893111531362,0.9658596526324649,10.024148664369573
p257_168.wav,3.282559394836426,4.761415573643817,3.972986521030231,4.07316024135026,0.9860179661571942,12.598663808660364
p257_169.wav,3.002079725265503,4.5291692008539055,3.6599454172447223,3.818403354160626,0.9770511312710433,9.650580844317592
p257_170.wav,3.033632516860962,4.4930932899632126,3.5317368335313084,3.8113139077540295,0.93343583561983,7.599599691870016
p257_171.wav,2.2343575954437256,3.6986049652176987,2.9524113781453445,3.000740243228335,0.9049739058585957,4.981756463074813
p257_172.wav,3.222283363342285,4.759043878054942,3.864618937944494,4.041260110519196,0.9706721567413831,11.348333933523913
p257_173.wav,2.9885454177856445,4.503857145411788,3.6865837259623424,3.795743409917133,0.9560545878547033,10.318457636179435
p257_174.wav,3.1937222480773926,4.633104317754594,3.695524508138819,3.964656337133491,0.964276850643458,8.859743270337987
p257_175.wav,2.594329833984375,4.148021821073935,3.157536445915908,3.418387003422476,0.9467345705165201,4.966467527929907
p257_176.wav,3.3147969245910645,4.879315328090249,3.8335188618408815,4.150482051675477,0.9981223359157838,10.035454734262775
p257_177.wav,3.6280698776245117,5.0,4.22998785510635,4.406949813486516,0.9893967024616778,14.075381074735704
p257_178.wav,3.390774726867676,4.846767888920442,3.978163429032162,4.170126631604059,0.995563609916251,11.866267004326195
p257_179.wav,3.637974739074707,4.828810797022976,3.835185003569666,4.2872639853131975,0.9793809749017907,7.666337351182685
p257_180.wav,2.7578983306884766,4.472178831010069,3.4378419556782776,3.653904865018383,0.8725494939812999,8.543468515175558
p257_181.wav,1.6377136707305908,3.8043964041687883,2.9839740754635056,2.7627767996607697,0.9756936162930151,9.539022388866506
p257_182.wav,3.2412755489349365,4.72352360015181,3.767528390280446,4.0305383935907,0.9747923445276778,9.779354252557596
p257_183.wav,1.8789887428283691,3.636392316687829,2.8784212770688673,2.792778697854191,0.8158708096201761,6.395988143092987
p257_184.wav,3.425874948501587,5.0,4.080299099122061,4.291597466316112,0.9977860817998487,13.033996926534597
p257_185.wav,3.3235602378845215,4.881473525727951,3.8856589536224835,4.151212346491664,0.9923205661490933,11.006691108873023
p257_186.wav,3.5277295112609863,5.0,4.016926731949014,4.3291105756410175,0.9874419472615796,11.407999550743854
p257_187.wav,3.557788133621216,4.918869377877451,3.7317295235067127,4.2861995461747435,0.9870884009947297,6.869778843015851
p257_188.wav,3.0783960819244385,4.6394125614133745,3.814943506873428,3.909013763713004,0.9766973240415064,11.654339936790231
p257_189.wav,3.063626289367676,4.622635394580252,3.558164362634323,3.890629881718441,0.980192069778107,7.804120254112269
p257_190.wav,2.0067849159240723,3.5802602644527606,2.9253084313328106,2.82651289394096,0.8740273953474023,6.296995064611196
p257_191.wav,2.063649892807007,3.65889234444559,3.0049254719098615,2.8948380584303273,0.9323800941646092,7.1079222176321455
p257_192.wav,3.558546543121338,4.9402355504525906,3.724079027916754,4.296720472532341,0.9584732013862184,6.764318953638669
p257_193.wav,2.95479154586792,4.3880508749409435,3.6104659427827985,3.720581137847015,0.9779241139245953,9.388191592414081
p257_194.wav,3.291872262954712,4.70155853068022,3.708233709315638,4.036734854442146,0.9742288041569742,8.825427422485255
p257_195.wav,1.939009428024292,3.6289648226689355,2.793642057177872,2.8116730676301853,0.9140880672919517,4.93495134887071
p257_196.wav,3.399808168411255,4.9979232169232075,4.2288979993650955,4.254584390352425,0.9986373851036223,15.571191008213
p257_197.wav,2.853278636932373,4.41448941893264,3.432901595604359,3.6777173042025795,0.9873173379341167,7.549569909435015
p257_198.wav,3.4746453762054443,4.930012209697292,4.005678279074306,4.250989549112074,0.9904061036420996,11.794815214807471
p257_199.wav,3.0112013816833496,4.575072666351052,3.307256752338077,3.843585212275727,0.7125758055871624,4.082909684615118
p257_200.wav,3.5135791301727295,5.0,4.048909127367116,4.314072801813063,0.9817238752746515,11.976659267563916
p257_201.wav,3.249847650527954,4.703831220513261,3.7217562281972323,4.030827536671586,0.9237844982568625,8.734041964441975
p257_202.wav,3.398477792739868,4.902335239886011,3.6996563914774483,4.1992942582901795,0.937643994217331,7.491531248329912
p257_203.wav,2.1773438453674316,3.834915763601037,3.070460723748345,3.0497866602482873,0.8886723608052527,6.847010361226562
p257_204.wav,3.8224525451660156,5.0,4.022010746922717,4.572754084039208,0.9810582131478662,9.419945604329442
p257_205.wav,3.473034143447876,5.0,3.834757644650527,4.310191883780891,0.9241220690991199,9.028388455906269
p257_206.wav,3.3633248805999756,4.838753150034193,4.015798686643213,4.151529020591513,0.9513554497259769,12.70490061034164
p257_207.wav,3.0965094566345215,4.623650592018355,3.6893969561805333,3.907703898042577,0.9593825881083018,9.639267370978443
p257_208.wav,2.908051013946533,4.421285199674277,3.654127118219145,3.7121184095011563,0.8452726442680113,10.497402946479836
p257_209.wav,2.4843239784240723,4.138725348495207,3.351540057646254,3.351945312903326,0.9518885536611901,9.156652845300002
p257_210.wav,2.4176177978515625,4.0095763593493325,3.153392927616479,3.258052156851591,0.8650444096491479,6.339059270909699
p257_211.wav,1.3077595233917236,2.961282961323583,2.3452390587884993,2.1637768070150183,0.8369090921430541,2.4711532368763205
p257_212.wav,3.5016355514526367,4.926943146121768,4.060741924721482,4.270855145691525,0.9868480941723602,12.122002583371644
p257_213.wav,2.4746110439300537,4.160127226756391,3.1251679511693595,3.366161966942604,0.9165164125243583,5.263853384522704
p257_214.wav,1.7718114852905273,3.4062661846460687,2.706710140983585,2.6299418907409593,0.7712916133666886,4.228590124903453
p257_215.wav,2.39424991607666,3.9302827360426287,3.018176927070934,3.190071453258739,0.8691069485114296,5.107030418700494
p257_216.wav,3.515338897705078,5.0,4.120792839015894,4.318169083502216,0.9943167206608832,13.241544591110467
p257_217.wav,3.639730930328369,5.0,4.151585028895013,4.396283590643608,0.9932490057660308,12.829404565015135
p257_218.wav,3.443417549133301,4.851260727217252,3.926816057859692,4.19863642260147,0.9719128058721561,10.665404455374738
p257_219.wav,3.148592233657837,4.597857846284945,3.7288776655438642,3.9163680955560602,0.975811117412805,10.08235258219871
p257_220.wav,3.0934062004089355,4.670113394240586,3.5453895134690505,3.934974533011796,0.9694579966223298,7.124999619507835
p257_221.wav,3.3529725074768066,4.778797450798104,3.7784498430622664,4.105812677833424,0.9727286773828172,9.485524062979149
p257_222.wav,3.277865409851074,4.670334583698708,3.578238456534826,4.009162356777695,0.9437783462414571,7.086968394727835
p257_223.wav,3.0103209018707275,4.529502395790233,3.5833592894251836,3.8025623138137887,0.9614546282256782,9.260998139165006
p257_224.wav,3.901411771774292,5.0,4.281669382753295,4.652241126577889,0.9995286038868041,12.946982103136902
p257_225.wav,3.6388614177703857,5.0,4.062324388929061,4.449082872566534,0.9921121973588247,11.2888719160625
p257_226.wav,3.479015827178955,4.81850205894989,3.757646876561018,4.197190852721892,0.9883202904950381,7.847624150336813
p257_227.wav,3.1936373710632324,4.595582512113781,3.7011794788081005,3.9399617009656662,0.8417851486549691,9.21371167148143
p257_228.wav,3.801898717880249,5.0,4.22617169327528,4.556491334529616,0.9356827909503235,12.548597781168995
p257_229.wav,2.955695867538452,4.475234436649298,3.544404992670982,3.7624862474289658,0.9051252192217191,8.417844107401825
p257_230.wav,2.653394937515259,4.227532039170402,3.2662905106055438,3.484854766608599,0.9393755827892146,6.373229566594051
p257_231.wav,1.9627189636230469,3.5416187718383028,2.9506143456151888,2.7967201813905294,0.9050316367646458,6.518147075882805
p257_232.wav,3.329908609390259,4.8016192404862785,3.974916347081509,4.117355941813971,0.9845949968693002,12.257625285721485
p257_233.wav,3.2461280822753906,4.807262000403993,3.583992736834687,4.073870479601867,0.9393439202416565,6.863815820091723
p257_234.wav,2.7315335273742676,4.278087540596035,3.4600878152865913,3.5454268621439473,0.9678493705538452,9.034518566410604
p257_235.wav,2.1739068031311035,3.753290334971509,3.0163455367646668,3.0013047419636445,0.9425370546711354,6.284284276130931
p257_236.wav,3.810542106628418,5.0,4.287308438941157,4.5744652328780315,0.9669584463426034,13.55206009072242
p257_237.wav,3.518049478530884,4.985284327894458,4.107381856026393,4.3047692684670995,0.9921987906899948,12.887722748624634
p257_238.wav,3.6948184967041016,4.968331429687856,4.04950604010245,4.3828286987156195,0.9752465966867682,10.749791720948375
p257_239.wav,2.748974561691284,4.251955073710786,3.524266735176804,3.5454525469696434,0.9540110432934648,9.734913852979563
p257_240.wav,3.3108935356140137,4.839023649831102,3.9311466730256686,4.126288869425248,0.9228644584736662,11.710510166334988
p257_241.wav,2.908977746963501,4.522308051931345,3.515259362039381,3.7563579158680516,0.9849606175292648,8.572260906867719
p257_242.wav,3.115112066268921,4.520349215377789,3.6920176742572113,3.869284944091275,0.9728305241499983,9.38167845181436
p257_243.wav,2.237898349761963,3.8843514866176765,3.2294719210922676,3.101856807145283,0.945349848883441,9.04837847341791
p257_244.wav,3.8224823474884033,5.0,4.212295341680957,4.604926082476398,0.9966057615580364,12.37851458811651
p257_245.wav,3.5340394973754883,5.0,4.043522092761634,4.317850252301836,0.9891835833485535,11.905546761885635
p257_246.wav,3.308546304702759,4.752329004881733,3.909666139121624,4.081949101847678,0.9814779363684105,11.388142887565508
p257_247.wav,2.8625454902648926,4.358113566031045,3.520772294019049,3.652306835375981,0.9371029233552279,8.963866620175464
p257_248.wav,3.704838514328003,5.0,4.32184688201439,4.459195637753229,0.9906896743872954,14.838745421737544
p257_249.wav,2.9010941982269287,4.456131659289219,3.4667828073679696,3.7206760666590193,0.9756711810502874,7.808568836103245
p257_250.wav,3.0887537002563477,4.49510928811016,3.6387298755402195,3.835566589873963,0.9749523157931532,9.0816780834453
p257_251.wav,2.5427329540252686,4.026862476298659,3.320292796005983,3.321087649122248,0.9493425087584882,8.424244995667465
p257_252.wav,3.3270511627197266,4.774103669063049,3.774704606977719,4.101488007507004,0.9629695007539054,9.133684726271342
p257_253.wav,2.8009274005889893,4.362540794574044,3.448755819840584,3.6269645546269955,0.9596768710181505,8.130979087655518
p257_254.wav,2.7486729621887207,4.206824610114162,3.319798648973066,3.513415574114619,0.927784392122696,6.907114119506916
p257_255.wav,2.741392135620117,4.130390063766004,3.298136817218318,3.4784416737691877,0.9019081666557983,6.321813117392523
p257_256.wav,3.7078442573547363,5.0,4.282500536711661,4.473095960512966,0.9932105732757611,14.146389089122875
p257_257.wav,3.342754602432251,4.795810935898287,3.6646185181882807,4.117963385392311,0.9918516826983376,7.366502009852753
p257_258.wav,3.5269501209259033,4.875855248161213,3.9557805318416364,4.246041576191464,0.976777181257765,10.800374312159146
p257_259.wav,3.374917984008789,4.5940508781545,3.816545006550007,4.030005123994764,0.9744495464466763,9.701856597817105
p257_260.wav,3.094479560852051,4.611690083568314,3.724934249245404,3.902965373966063,0.9105448521988019,10.120161889409003
p257_261.wav,3.2439842224121094,4.74232830882015,3.969322923085229,4.042445916659876,0.9841689291046631,12.909765556213943
p257_262.wav,2.0653553009033203,3.963557962993447,3.337165556874767,3.0579119584633268,0.9827025296629336,11.900722217226159
p257_263.wav,2.124375104904175,3.5754158627021146,2.8770023675292715,2.8944033784298,0.8969642707404163,4.156827257227736
p257_264.wav,3.1599931716918945,4.695327596861138,3.635763983065102,3.976907926640617,0.9669167894873583,8.240957648476222
p257_265.wav,3.5511724948883057,5.0,4.074610252977285,4.356265830682951,0.9951663299563297,12.041926605046623
p257_266.wav,3.170332193374634,4.722440109226575,3.5693007417507627,3.993298542082697,0.9857960651622422,7.209784422890052
p257_267.wav,2.6429405212402344,4.11389140843299,3.3716748036871294,3.4278548416456442,0.933802722415081,7.912801885032797
p257_268.wav,2.91096830368042,4.4757638571002385,3.643159435703783,3.744421495440728,0.8983746353017409,10.137147013000211
p257_269.wav,2.502070903778076,4.2734128549892505,3.322203647052906,3.4265632823127468,0.9641792580144535,8.616270396784117
p257_270.wav,1.9465395212173462,3.709428382326369,2.896610569972735,2.8571428751111863,0.8544888005656052,6.44037503721712
p257_271.wav,1.888382911682129,3.5345102605150074,2.8030225197405763,2.749025195806379,0.9236342694410794,5.031140312770482
p257_272.wav,3.6537959575653076,5.0,3.826430407703198,4.391705794712972,0.9639370020659419,7.55093313025776
p257_273.wav,2.6644601821899414,4.333153369726434,3.3098611908960653,3.5498881679815453,0.9485267486507432,6.677226501307548
p257_274.wav,2.2707149982452393,3.957512565568258,3.0205055246793497,3.1593785607572125,0.8992546375214672,5.282094100953892
p257_275.wav,2.4487404823303223,4.049213642209314,3.299909651703081,3.2929039123320614,0.9577470249693663,8.454422917177256
p257_276.wav,3.1572704315185547,4.7052296495050845,3.600128649595571,3.9807842180667503,0.9071460270220728,7.681691240104407
p257_277.wav,3.476067304611206,4.963276332235127,4.058264271034528,4.272840474492357,0.9922239383419479,12.416861287311601
p257_278.wav,3.464430332183838,4.947580914668881,3.84789477431085,4.259168524962652,0.9847580882378242,9.165344142825202
p257_279.wav,3.4760384559631348,4.846665751945634,3.9650189115735435,4.214318652710562,0.9947227247783357,10.95837585297083
p257_280.wav,3.615247964859009,5.0,4.089313068389874,4.426001911334661,0.9905196269432609,11.834718008638625
p257_281.wav,2.625382423400879,4.219940571268074,3.3658258871910793,3.4667537609843118,0.964350632178249,8.173554650220487
p257_282.wav,2.6226022243499756,4.257089752863596,3.312248071355431,3.4838864507355765,0.959320962499178,7.341904908841951
p257_283.wav,3.298264503479004,4.636099790951552,3.7693977815833954,4.013062461571831,0.96255866230189,9.497967111567057
p257_284.wav,3.5719571113586426,4.971036342595368,4.253165690956732,4.328222510848903,0.9859983082967462,14.646411551403295
p257_285.wav,3.489985227584839,4.842515215921323,3.7258999210640034,4.21667456873113,0.9751960446124519,7.1725202504522425
p257_286.wav,3.5608105659484863,4.942763683522376,4.207268237783005,4.306454228484546,0.9849346246576139,14.093744370689867
p257_287.wav,3.443978786468506,4.893460033965589,3.7784405267767336,4.222564807858454,0.9838097554589494,8.189317087177722
p257_288.wav,1.9315438270568848,3.746316644280513,3.0544854525800105,2.884579282856885,0.8353396942671316,8.32633357580891
p257_289.wav,3.4317097663879395,4.804872752875121,3.7627855369537455,4.169583424379719,0.9431322962773067,8.153205845114414
p257_290.wav,2.509941816329956,4.1360707185153025,3.207082081563798,3.360339926974702,0.9227825613068703,6.811196960663248
p257_291.wav,2.0781967639923096,3.6959554987496963,2.83232839046447,2.9303845874561927,0.7676677975339223,3.827927000596482
p257_292.wav,3.652005910873413,5.0,4.185641353927208,4.4351872275517366,0.955130937975605,13.069578451106965
p257_293.wav,2.956368923187256,4.570097393165017,3.364770672932341,3.8058576049022603,0.9034804135532156,5.745104125149164
p257_294.wav,2.789461612701416,4.26664800133105,3.4493497875550547,3.577947730249437,0.9679181243652221,8.029734038458496
p257_295.wav,2.0378408432006836,3.6278043687257076,2.880220894200369,2.8744618892614757,0.8855064331715161,4.96632735823212
p257_296.wav,3.6542253494262695,5.0,4.12859804175209,4.411611483715888,0.9825203333016805,12.068804785936022
p257_297.wav,3.4836199283599854,4.890028501712498,4.008747686772947,4.238847664930544,0.9966188509616027,11.633529332771223
p257_298.wav,3.423457384109497,4.95904261032824,3.805932115441015,4.240296601047943,0.9660656097399892,8.981314732926654
p257_299.wav,3.373525381088257,4.744526667403388,4.07051631905572,4.114289767753625,0.9810532395373757,13.298031360867977
p257_300.wav,2.9975714683532715,4.608432595711926,3.475323674004363,3.849587074783002,0.9080201786214263,7.01770697035108
p257_301.wav,2.909616708755493,4.363626828826,3.485177781447195,3.690950592938877,0.9120997269240713,7.5072411148414275
p257_302.wav,3.141218423843384,4.553210671835482,3.425278172644672,3.901193977123093,0.9849126282029889,4.844985726506673
p257_303.wav,2.2075204849243164,3.8188994159203644,3.0424023859729443,3.0512850513624445,0.8966991652893135,6.426923388365866
p257_304.wav,4.251002788543701,5.0,4.229518310516564,4.949697526668408,0.9679362456360922,9.435647346636681
p257_305.wav,2.8329925537109375,4.3705374495850835,3.668369137247954,3.652548706725013,0.9499191791803576,11.135104121300632
p257_306.wav,3.1197967529296875,4.714178399581894,3.53987688622582,3.951748805362329,0.9934897820624865,7.65136535757064
p257_307.wav,3.0874619483947754,4.58282968351004,3.7792578466028526,3.8879667776086806,0.9687858845126053,10.907688362326361
p257_308.wav,3.1114537715911865,4.658888802201209,3.8900084838225837,3.9371131688276155,0.9752022341107698,12.519439914017068
p257_309.wav,3.027270555496216,4.555861023572848,3.4219047423647364,3.84170222121442,0.9421156057035662,5.800104769653984
p257_310.wav,2.3239269256591797,3.9520151740216534,3.0276089322950157,3.182987642094416,0.8986598585015233,5.014275319081726
p257_311.wav,2.2786147594451904,3.7559491181581057,3.0291418843858224,3.0530944578415773,0.905760395824891,5.799003404884001
p257_312.wav,3.2456815242767334,4.548873357979614,3.8507950268855873,3.947882200020151,0.9807659794323206,10.978629363728505
p257_313.wav,1.5223140716552734,3.7371609752922677,2.754087200834503,2.673379698900639,0.9501589925697843,6.66293727266038
p257_314.wav,2.948267936706543,4.5294479505204315,3.5674547605535,3.7878080872272566,0.9669662099951746,8.747651190644474
p257_315.wav,1.7791234254837036,3.302776460503116,2.671394199839743,2.5810703011500604,0.8409260223016763,3.659704092634234
p257_316.wav,3.307319402694702,4.755382987236618,3.817129297340573,4.084336768220736,0.9809950654595164,9.863069050175037
p257_317.wav,3.731269121170044,5.0,3.99405429071086,4.4943639907613475,0.9935299030800369,9.63314902571759
p257_318.wav,3.1810314655303955,4.7098566209450965,3.740652409369491,3.9974158176458636,0.9616311932989839,9.629249218759107
p257_319.wav,3.0686023235321045,4.56804468615601,3.898098497603735,3.869199075756056,0.9612053310532158,13.020310724279645
p257_320.wav,3.582854747772217,5.0,4.258966981756582,4.410005142700299,0.9801456482175611,14.842713920006048
p257_321.wav,3.2638227939605713,4.826510760561329,3.886234605549867,4.0957713179681186,0.9401599411268227,11.377777894621147
p257_322.wav,2.7483155727386475,4.267733540874049,3.341643440332829,3.558430034096425,0.959126092195604,6.600597168089327
p257_323.wav,2.4366443157196045,4.046985807736811,3.174470709341472,3.279402266043792,0.8802337226161737,6.832017257986365
p257_324.wav,3.945601224899292,5.0,4.42394929058695,4.733162115826817,0.9957143729277732,14.58428778750095
p257_325.wav,3.3966612815856934,4.9349538702805855,3.771832067547721,4.215183407654645,0.9949686597361858,8.625565549059967
p257_326.wav,3.006804943084717,4.633964423707121,3.456803218841596,3.861348894828562,0.9944185157553077,6.900609880157583
p257_327.wav,2.7743980884552,4.328324430754709,3.375062044433012,3.600662972106806,0.9564084671423521,6.981005954988722
p257_328.wav,3.1859347820281982,4.564140642866966,3.775260641402882,3.92481443075665,0.9122553464805319,10.254766026511106
p257_329.wav,2.229853868484497,3.844722759712297,3.0987319289222395,3.080670380402458,0.9171484926667501,6.9198942444986065
p257_330.wav,2.8028175830841064,4.46220895689349,3.595720832888479,3.675947041902155,0.9803936933612931,10.518320656320384
p257_331.wav,1.799485206604004,3.4489857606509853,2.71724097528365,2.6664384541578303,0.9049529368395145,4.129985182981811
p257_332.wav,3.239516019821167,4.756995606041943,3.8527358972677166,4.049833641633973,0.9871175947869372,10.989716949144977
p257_333.wav,3.539407730102539,4.9683276156469605,3.8901088643190116,4.309515287248469,0.9914893631343251,9.171239559930791
p257_334.wav,2.6890032291412354,4.318661035369719,3.26720922450809,3.5510263730490954,0.856531014054548,5.99218020043305
p257_335.wav,2.493783712387085,4.037172880457489,3.176310590418704,3.297237835129956,0.8672779671976375,6.697999398362112
p257_336.wav,3.5402801036834717,5.0,4.176306112562694,4.369465422689411,0.9980944274434096,13.642787313437708
p257_337.wav,3.450382947921753,4.813031809007252,3.649481485032511,4.17658905132772,0.9343207142975692,6.498701656438754
p257_338.wav,3.516322374343872,4.935247427439375,3.964639091739558,4.278216880686276,0.9318682409167653,10.669583529601265
p257_339.wav,3.503403425216675,4.936106121374831,3.9760367021765814,4.273526580575389,0.9896840293721334,10.886568377600147
p257_340.wav,3.479954957962036,4.955104807253039,3.9678474967497515,4.266790170067366,0.9913180150433373,11.12610189999966
p257_341.wav,2.609358549118042,4.430320887147416,3.523334578896927,3.5710011274977655,0.9906830399163996,10.457785343833917
p257_342.wav,2.969473361968994,4.527727458383074,3.5918307063117565,3.803479047609116,0.9556713076623969,8.717297916328436
p257_343.wav,2.6918845176696777,4.1800167091009435,3.405195080119376,3.482114072187868,0.964092995628294,8.22145724799504
p257_344.wav,2.0599355697631836,4.208070984281486,3.47199573046029,3.179790090517884,0.9858911673851012,13.951922539698302
p257_345.wav,3.807542562484741,5.0,4.222893823887957,4.588183992521485,0.9882150860443253,12.617448456326887
p257_346.wav,3.1812784671783447,4.717874613136279,3.7868381777914895,4.002002538139181,0.983580709723213,10.339665660608865
p257_347.wav,3.1030685901641846,4.5486217806137725,3.679623651449912,3.8753041088878737,0.9781773101819752,9.362984986107161
p257_348.wav,3.1087098121643066,4.719562296097512,3.6821352993008185,3.9654437795241364,0.9760218193645536,9.261530210124535
p257_349.wav,2.8875792026519775,4.421445343842885,3.6054213042775918,3.7023554384958084,0.9745585312130894,9.857815995730178
p257_350.wav,2.2771215438842773,3.9497462747313805,3.217567264725899,3.152354737078759,0.9426210207241184,8.643191321811436
p257_351.wav,2.0694124698638916,3.687715089548943,2.9646673239964594,2.9140587562704385,0.9084634194762468,6.338409345988524
p257_352.wav,3.466287851333618,4.951641985812263,3.9368242006429357,4.261910385710307,0.9745441988027324,10.572380370558564
p257_353.wav,1.5590789318084717,3.675921146825265,2.7588532657992144,2.6490096579932216,0.873294870391291,7.00879018495562
p257_354.wav,2.686497688293457,4.135600619485898,3.2207524374366274,3.4520472521191388,0.9122563736989471,5.565824889443014
p257_355.wav,2.0451815128326416,3.661395629057323,2.885609422734177,2.8757323441363587,0.9085900776434181,5.839910427867411
p257_356.wav,1.9061731100082397,4.0526140193696465,3.3809519717990533,3.0236545387306406,0.9968014334218488,13.723657259107142
p257_357.wav,3.6373345851898193,5.0,4.05505983646262,4.4259166517483965,0.9984848190349082,11.171213830769945
p257_358.wav,3.7737698554992676,5.0,4.272942178886789,4.526285343929126,0.9842317429313212,13.744705803189433
p257_359.wav,3.4784622192382812,4.834608162043125,3.828276082933166,4.2040590801151,0.9828016529158317,9.011084438774175
p257_360.wav,3.414780378341675,4.974915444592401,4.126137644264759,4.249801288352944,0.9938760277835946,13.865932987426003
p257_361.wav,3.0917251110076904,4.731727960607051,3.6185698624362823,3.963095344978426,0.9844172249055393,8.373714049927163
p257_362.wav,2.079984664916992,3.925319836913823,2.9820420998064257,3.046374316741056,0.9308575129115805,6.148385632145339
p257_363.wav,2.560108184814453,4.137981727242965,3.2127947352580657,3.3943767691246585,0.9188437722471942,6.179624818947506
p257_364.wav,3.885834217071533,5.0,4.43432779868333,4.6837161232807105,0.9986254278715487,15.328991889562024
p257_365.wav,3.466590166091919,5.0,3.921335054469063,4.283418651344577,0.988166395942817,10.631999654903007
p257_366.wav,3.689333438873291,5.0,4.200551488025321,4.460215804025009,0.9940984419032989,13.25413479756721
p257_367.wav,2.9664177894592285,4.526240164512745,3.57497614384652,3.795310668474058,0.9909060643775218,8.732253575529752
p257_368.wav,3.2630667686462402,4.714229981294385,3.780382388575712,4.037481851848622,0.9711312230963545,9.793205163027006
p257_369.wav,3.4246866703033447,4.9036320447504105,3.8514586225789063,4.219427024143382,0.9678287217284383,9.426736635468263
p257_370.wav,2.4915733337402344,3.933811039834114,3.203925240594236,3.2592845001556414,0.9082159767054785,6.510160144243863
p257_371.wav,2.925403356552124,4.332991822608257,3.4478761705110683,3.664838101846303,0.9710653519028173,7.625496641693846
p257_372.wav,3.466510772705078,4.970328055758465,3.992710881220206,4.269186785138262,0.9951823967227971,11.551792643633105
p257_373.wav,2.8180127143859863,4.44993697765246,3.5591573407817156,3.6742032862749774,0.9518407455000671,9.968519342511572
p257_374.wav,3.395906448364258,4.825875718878568,3.810676539325711,4.159018665385729,0.9703551332822486,9.31437934806753
p257_375.wav,2.250194787979126,3.7785396477343087,3.0084003718580847,3.054852070245685,0.8700749783160341,5.470910044493105
p257_376.wav,3.4699666500091553,4.752503800349516,3.7384293463911225,4.134040750891059,0.9060206098430592,8.74540306843887
p257_377.wav,3.972217559814453,5.0,4.27159203409459,4.6806383258784585,0.9667727512785405,11.988848987903433
p257_378.wav,3.469536542892456,4.822345191859597,3.5647316216794884,4.189422917807976,0.8320808084458977,5.073000705591537
p257_379.wav,3.290243148803711,4.747075540568533,3.8087520212032384,4.065406760568274,0.9789208224486086,10.131660384661368
p257_380.wav,3.2351596355438232,4.809192526413553,3.9415211118168947,4.0724317114728406,0.9960318213619231,12.483773802026292
p257_381.wav,3.305098056793213,4.761175256080276,3.811762630991505,4.086735744350276,0.9663501134838015,9.76660104216667
p257_382.wav,2.750162124633789,4.29607939471166,3.2732252096538166,3.5665238688686567,0.9685381733585952,5.806470814766985
p257_383.wav,2.7355339527130127,4.280862841417733,3.4703576511384457,3.5591094250268136,0.9722001345021846,8.714182347244881
p257_384.wav,3.429001808166504,4.973516265920414,4.07501934979258,4.2578783492853916,0.9706233380231447,12.876490386134163
p257_385.wav,3.398935079574585,4.913889112185976,3.716143828416325,4.203244852691007,0.9589226082162075,7.839171062575559
p257_386.wav,2.948115587234497,4.437512874320286,3.632746338896598,3.740396691664198,0.986524277499108,9.855247946619736
p257_387.wav,2.712301731109619,4.297586138082144,3.2448671610514057,3.54830150420763,0.953025054238123,5.637164315518416
p257_388.wav,3.493776798248291,4.964790858696504,3.956682822427553,4.284325120161896,0.9816214393105915,10.591295357087494
p257_389.wav,2.999988317489624,4.5723206994653625,3.6768930111282416,3.832427394976492,0.9672139440103927,10.217030452249045
p257_390.wav,2.570126533508301,4.190014812916559,3.217243322991694,3.4220505939869224,0.9691885420061347,6.318528160917282
p257_391.wav,2.2710041999816895,3.9605601440577636,3.083242820467329,3.147848988216616,0.942322609073517,6.8569571705671635
p257_392.wav,3.6834723949432373,5.0,4.061690907151469,4.44307774308179,0.9930895422576067,10.927490140542712
p257_393.wav,3.090229034423828,4.690675453853244,3.652876396833175,3.9368036308903416,0.964034337974364,9.154743584639846
p257_394.wav,3.5453336238861084,4.876733888578443,3.927605347075221,4.2668054245897995,0.9858640697639313,9.727095399683831
p257_395.wav,2.184596061706543,3.994447899329475,2.9987341774210123,3.1273802064531098,0.9302770964300859,5.893460921871311
p257_396.wav,3.549294948577881,5.0,4.164674906656863,4.355478690150231,0.9967890389858151,13.54904942897724
p257_397.wav,3.40157413482666,4.920565650802739,3.853472838527547,4.211215218062609,0.9964114730760139,9.852887191685586
p257_398.wav,3.331632137298584,4.694172359820065,3.84116664623998,4.0611561827761005,0.8658531049290237,10.28048862728772
p257_399.wav,3.2454423904418945,4.7199127882490055,3.7958643507520264,4.029454942365548,0.989783164749568,10.2587992983132
p257_400.wav,2.8700098991394043,4.512777270357886,3.7372638221689085,3.740719711505633,0.9187435949627555,12.004900206733863
p257_401.wav,1.5084631443023682,3.6459221274967426,2.7608067256249744,2.6166065139071164,0.9643927596191273,7.067719063417081
p257_402.wav,3.4449877738952637,4.92136774945272,3.9464108203490524,4.233075702273721,0.9886810690942478,11.019011470109858
p257_403.wav,2.861140489578247,4.27553964935411,3.475461301735759,3.6138098201411206,0.9701541019391264,8.109962459430676
p257_404.wav,3.815674304962158,5.0,4.136780672222901,4.60156949226884,0.9256926014295641,11.080545137308329
p257_405.wav,2.9640347957611084,4.585977326632114,3.4628889080854455,3.820393495086865,0.9022577123657702,7.122615544820243
p257_406.wav,3.6597344875335693,5.0,4.131318105444397,4.43617828542588,0.9923645558218006,12.424229686249964
p257_407.wav,3.1382761001586914,4.620303379055705,3.7958234859426705,3.923953399251059,0.9908706129284419,11.151600496957908
p257_408.wav,2.746574640274048,4.467053621794112,3.5585491096990345,3.6583580556955058,0.9709385562719646,9.984877580629025
p257_409.wav,2.998495101928711,4.50718645425522,3.4140172877434587,3.7998580171914567,0.9767992311805761,6.029579450457612
p257_410.wav,3.096984386444092,4.599998146572486,3.7097876799359977,3.8949751863699427,0.9693764180034831,10.01218727668401
p257_411.wav,2.494607448577881,4.020030372004532,3.298561578756156,3.295161656100838,0.9527732496009657,8.366235973871442
p257_412.wav,3.653259038925171,5.0,3.8808783607231785,4.41060446394116,0.9905272754370404,8.302662911598864
p257_413.wav,3.1721489429473877,4.695117100378845,3.680194837030874,3.9823239185164687,0.9424578960400369,8.881186745750695
p257_414.wav,3.1090118885040283,4.4954561270984055,3.599179575851706,3.845629724365216,0.9647559900090107,8.315131824019062
p257_415.wav,2.3704864978790283,3.899408905346445,3.116492905741062,3.1788464777892256,0.9038795841366165,6.1369367314724235
p257_416.wav,3.8742995262145996,5.0,4.387338917476619,4.625108101758038,0.9978617419859732,14.42630389862606
p257_417.wav,3.5082173347473145,4.896813858976724,3.9946670132067976,4.258531010086668,0.9981685168580804,11.05217082687131
p257_418.wav,3.1083104610443115,4.5901248004824,3.8406310711793776,3.900560514657172,0.9737335235011997,11.79258513655225
p257_419.wav,3.392007350921631,4.78300756896293,3.7676205601782033,4.135540276799979,0.9687901806808711,8.668445803063872
p257_420.wav,2.8538882732391357,4.55709921332668,3.5475809471834605,3.754417430402152,0.9885173186107248,9.125840637949949
p257_421.wav,3.189429998397827,4.701369556564767,3.656828567405566,3.9843136865844673,0.8783872641874036,8.81305317691216
p257_422.wav,2.47871470451355,4.065416084448549,3.3414863421036753,3.3170752014440263,0.9217015601806275,8.844055442876932
p257_423.wav,2.32838773727417,4.023184963822619,3.1480762370186604,3.2200824721758483,0.9607225851637173,6.917710074746078
p257_424.wav,2.4287567138671875,4.429964081549332,3.6504156189865653,3.4795166350424656,0.9924484876653354,13.850043081841008
p257_425.wav,3.029249429702759,4.5495342315763,3.423748868109001,3.8305143001966004,0.9418554879935558,6.212619370141289
p257_426.wav,2.275890350341797,3.8942921394386363,3.0571834661369275,3.1213237345831417,0.90388351635771,6.230870575641927
p257_427.wav,1.597764492034912,3.2024081563342066,2.6357403107712467,2.429460742913973,0.835584328370121,4.914321335726182
p257_428.wav,3.1467084884643555,4.771938511776948,3.7803542348677084,4.008500515187353,0.9851403889420636,10.62883650180166
p257_429.wav,2.1872713565826416,3.9549485521429077,3.0904950959038624,3.1009738831247646,0.8631230035116441,7.686719989247938
p257_430.wav,2.981337785720825,4.574850034709295,3.554893937843847,3.821171776923154,0.9627020667510575,8.558463465417242
p257_431.wav,2.694432020187378,4.295749815039349,3.3820048558844316,3.536980018493263,0.94691482203037,8.010522896879415
p257_432.wav,2.9732210636138916,4.462699138887483,3.391629903449509,3.7632871116073874,0.781650753971474,5.939689110941981
p257_433.wav,3.4563112258911133,4.897753892835885,3.8537392590095854,4.226284794742042,0.9725239941009391,9.495573803330968
p257_434.wav,3.1341662406921387,4.595578753746802,3.5539535135182554,3.911236620551172,0.9260540891406558,7.270404010643163
Average,3.067810742166436,4.532120895590329,3.7039695173129243,3.8614846404077756,0.9556723550040183,9.998098192630897
